Date;SAS_GPL;SAS_TTF;SAS_NCG;SAS_NBP
07/10/2013;1.64766667;1.593;1.64766667;-6.99049045
08/10/2013;1.58533333;1.544;1.59866667;38.0016663
09/10/2013;1.73583333;1.6945;1.74916667;6.06188087
10/10/2013;1.57233333;1.531;1.58566667;0.89028821
11/10/2013;1.50333333;1.462;1.51666667;-14.47508989
14/10/2013;1.56083333;1.5195;1.57416667;-4.5281592
15/10/2013;1.52083333;1.4795;1.53416667;5.27502193
16/10/2013;1.40033333;1.359;1.41366667;-5.54000937
17/10/2013;1.39433333;1.353;1.40766667;-0.3270998
18/10/2013;1.40433333;1.363;1.41766667;2.73211827
21/10/2013;1.35983333;1.3185;1.37316667;28.78536319
22/10/2013;1.28033333;1.239;1.29366667;28.89896346
23/10/2013;1.41633333;1.375;1.42966667;-2.74681698
24/10/2013;1.48633333;1.445;1.49966667;-4.54979661
25/10/2013;1.3915;1.35016667;1.40483333;-13.68894724
28/10/2013;1.26;1.21866667;1.27333333;-5.1736103
29/10/2013;1.12216667;1.08083333;1.1355;40.70712021
30/10/2013;1.02983333;0.9885;1.04316667;38.43241675
31/10/2013;1.5285;1.48016667;1.55183333;-14.25826194
01/11/2013;1.46933333;1.421;1.49266667;10.41133098
04/11/2013;1.57816667;1.52983333;1.6015;20.33007508
05/11/2013;1.74466667;1.69633333;1.768;27.61753314
06/11/2013;1.79916667;1.58433333;1.8225;-17.9766268
07/11/2013;1.61033333;1.3955;1.63366667;34.98381374
08/11/2013;1.69;1.47516667;1.71333333;-22.87499175
11/11/2013;1.84566667;1.63083333;1.869;-19.69699154
12/11/2013;1.85533333;1.6405;1.87866667;22.47144098
13/11/2013;1.87933333;1.667;1.20866667;-18.52690172
14/11/2013;1.93683333;1.7245;1.26616667;7.83866478
15/11/2013;1.86516667;1.86516667;1.80316667;39.81226577
18/11/2013;1.78333333;1.89633333;1.78433333;-5.32648399
19/11/2013;1.73333333;1.84633333;1.73433333;-2.55351034
20/11/2013;1.3945;1.5075;1.3955;18.06905593
21/11/2013;1.34933333;1.46233333;1.35033333;-11.9314394
22/11/2013;1.272;1.385;1.273;17.932069
25/11/2013;1.512;1.449;1.362;0.61290168
26/11/2013;1.493;1.43;1.343;5.48087447
27/11/2013;1.607;1.544;1.457;-3.63955419
28/11/2013;1.8195;1.7565;1.6695;19.85532994
29/11/2013;1.8185;1.8305;1.6805;-14.78726462
02/12/2013;1.90166667;1.91366667;1.76366667;45.70154151
03/12/2013;2.13216667;2.23216667;2.15716667;22.95516024
04/12/2013;1.88883333;1.98883333;1.91383333;36.08534747
05/12/2013;1.81066667;1.91066667;1.83566667;-18.96885649
06/12/2013;1.59616667;1.69616667;1.62116667;11.61630078
09/12/2013;1.4155;1.5905;1.5655;6.20134394
10/12/2013;1.39483333;1.56983333;1.54483333;8.19126138
11/12/2013;1.40733333;1.58233333;1.55733333;-0.64717523
12/12/2013;1.28333333;1.45833333;1.43333333;22.95295405
13/12/2013;1.24783333;1.42283333;1.39783333;39.88985763
16/12/2013;1.4545;1.4165;1.3915;39.05461668
17/12/2013;1.47866667;1.44066667;1.41566667;28.5502773
18/12/2013;1.44266667;1.40466667;1.37966667;24.01762016
19/12/2013;1.31283333;1.27483333;1.24983333;-1.4954717
20/12/2013;1.305;1.267;1.242;42.38988788
23/12/2013;1.18233333;1.14433333;1.11933333;11.83840614
24/12/2013;0.984;1.134;1.134;8.49975062
26/12/2013;0.984;1.134;1.134;-1.28052928
27/12/2013;0.91566667;1.06566667;1.06566667;33.12067831
30/12/2013;0.76333333;0.86333333;1.01333333;35.47324572
31/12/2013;1.19583333;1.13283333;1.20783333;18.58500349
02/01/2014;1.07616667;1.01316667;1.08816667;2.27215874
03/01/2014;1.07833333;1.01533333;1.09033333;-21.35511643
06/01/2014;1.23783333;1.17483333;1.24983333;3.48274742
07/01/2014;1.21516667;1.14016667;1.12816667;36.84996789
08/01/2014;1.29416667;1.21916667;1.20716667;34.41487779
09/01/2014;1.24566667;1.17066667;1.15866667;-19.70386981
10/01/2014;0.99116667;0.91616667;0.90416667;45.64121624
13/01/2014;0.677;0.702;0.714;-20.57092534
14/01/2014;0.69;0.715;0.727;25.06743697
15/01/2014;0.65866667;0.68366667;0.69566667;2.54454326
16/01/2014;0.609;0.634;0.646;-20.02278069
17/01/2014;0.5205;0.5455;0.5575;-16.01471885
20/01/2014;0.546;0.521;0.646;35.00369212
21/01/2014;0.59033333;0.56533333;0.69033333;41.5391079
22/01/2014;0.4785;0.4535;0.5785;45.2403795
23/01/2014;0.48283333;0.45783333;0.58283333;29.29033641
24/01/2014;0.65916667;0.63416667;0.75916667;-14.47378595
27/01/2014;0.2925;0.2795;0.1925;-1.53691965
28/01/2014;0.30766667;0.29466667;0.20766667;44.15139261
29/01/2014;0.276;0.263;0.176;29.83910506
30/01/2014;0.16383333;0.15083333;0.06383333;7.73027575
31/01/2014;0.00233333;0.2025;-0.018;-17.57610509
03/02/2014;0.17683333;0.20183333;0.1565;34.57381108
04/02/2014;0.2085;0.108;0.16833333;-14.7358579
05/02/2014;0.1855;0.085;0.14533333;22.81199114
06/02/2014;0.25583333;0.15533333;0.21566667;44.4365542
07/02/2014;0.11366667;0.01316667;0.0735;8.24571893
10/02/2014;-0.09666667;-0.04833333;-0.1515;-0.31696228
11/02/2014;-0.121;-0.07266667;-0.17583333;28.32682864
12/02/2014;-0.1355;-0.08716667;-0.19033333;12.44914241
13/02/2014;-0.144;-0.09566667;-0.19883333;14.72201178
17/02/2014;-0.08333333;-0.13283333;-0.16916667;-7.34506322
18/02/2014;-0.09183333;-0.14133333;-0.17766667;-9.84630524
19/02/2014;-0.1675;-0.217;-0.25333333;-16.79032314
20/02/2014;-0.21966667;-0.26916667;-0.3055;25.46728885
21/02/2014;-0.246;-0.2955;-0.33183333;-17.84982866
24/02/2014;-0.35933333;-0.447;-0.478;26.47852189
25/02/2014;-0.29833333;-0.386;-0.417;-21.18089887
26/02/2014;-0.37183333;-0.4595;-0.4905;-4.29617798
27/02/2014;-0.29933333;-0.387;-0.418;-4.44184754
28/02/2014;-0.053;-0.09833333;-0.11166667;-20.76905052
03/03/2014;-1.9635;-1.9825;-2.0705;-20.55245358
04/03/2014;-2.29666667;-2.31566667;-2.40366667;21.64856932
05/03/2014;-2.3375;-2.3565;-2.4445;31.96548882
06/03/2014;-2.2565;-2.2755;-2.3635;-17.27983657
07/03/2014;-2.26266667;-2.28166667;-2.36966667;23.51123394
10/03/2014;-2.2005;-2.3235;-2.3365;32.35473782
11/03/2014;-2.18866667;-2.31166667;-2.32466667;21.99559695
12/03/2014;-2.21716667;-2.34016667;-2.35316667;7.39736203
13/03/2014;-2.16;-2.283;-2.296;7.99804285
14/03/2014;-2.18516667;-2.30816667;-2.32116667;-7.1489958
17/03/2014;-2.28616667;-2.32416667;-2.46716667;-9.77155565
18/03/2014;-2.33133333;-2.36933333;-2.51233333;40.70062662
19/03/2014;-2.40233333;-2.44033333;-2.58333333;-20.20458326
20/03/2014;-2.612;-2.65;-2.793;-13.05175619
21/03/2014;-2.77216667;-2.81016667;-2.95316667;41.19862538
24/03/2014;-3.19933333;-2.96333333;-3.00133333;-13.92743634
25/03/2014;-3.1985;-2.9625;-3.0005;-13.3833706
26/03/2014;-3.08;-2.844;-2.882;-14.40923932
27/03/2014;-3.26716667;-3.03116667;-3.06916667;-12.03654985
28/03/2014;-3.15533333;-2.94233333;-2.93633333;-16.53503979
31/03/2014;-3.39616667;-3.24516667;-3.32816667;-9.16076927
01/04/2014;-3.41116667;-3.26016667;-3.34316667;-17.22079391
02/04/2014;-3.67066667;-3.51966667;-3.60266667;-0.59034629
03/04/2014;-3.84683333;-3.69583333;-3.77883333;-2.72514127
04/04/2014;-3.91083333;-3.75983333;-3.84283333;-4.37695796
07/04/2014;-3.91866667;-3.83666667;-3.77766667;-13.53239319
08/04/2014;-3.8355;-3.7535;-3.6945;-13.95200435
09/04/2014;-3.71283333;-3.63083333;-3.57183333;-8.74787463
10/04/2014;-3.73866667;-3.65666667;-3.59766667;41.10164978
11/04/2014;-3.766;-3.684;-3.625;1.42767825
14/04/2014;-3.9955;-3.9005;-3.9415;-4.60399324
15/04/2014;-3.9555;-3.8605;-3.9015;-3.68201913
16/04/2014;-4.21316667;-4.11816667;-4.15916667;7.64884565
17/04/2014;-4.3625;-4.2675;-4.3085;7.49613249
21/04/2014;-4.3625;-4.2675;-4.3085;-4.675541
22/04/2014;-4.35383333;-4.45383333;-4.56083333;4.60259098
23/04/2014;-4.63983333;-4.73983333;-4.84683333;7.45641676
24/04/2014;-5.3795;-5.4795;-5.5865;-12.80704783
25/04/2014;-5.54666667;-5.64666667;-5.75366667;-11.04085222
28/04/2014;-5.58166667;-5.49366667;-5.59366667;-1.44470077
29/04/2014;-5.14866667;-4.99866667;-5.21066667;15.42329873
30/04/2014;-5.10833333;-5.16733333;-5.02933333;15.11992761
01/05/2014;-5.20683333;-5.26583333;-5.12783333;42.90462622
02/05/2014;-5.20083333;-5.25983333;-5.12183333;16.06153343
05/05/2014;-5.15583333;-5.21483333;-5.07683333;0.06296595
06/05/2014;-4.37016667;-5.23516667;-4.51216667;0.08842568
07/05/2014;-4.781;-5.037;-4.923;26.96412589
08/05/2014;-4.63583333;-4.89183333;-4.77783333;0.04898012
09/05/2014;-4.59716667;-4.85316667;-4.73916667;1.88737915
12/05/2014;-5.03783333;-4.92583333;-4.83783333;-8.20178555
13/05/2014;-5.15983333;-5.04783333;-4.95983333;-15.94289501
14/05/2014;-5.21316667;-5.10116667;-5.01316667;-12.1779426
15/05/2014;-5.16;-5.048;-4.96;-7.68872843
16/05/2014;-5.38116667;-5.26916667;-5.18116667;-2.73879856
19/05/2014;-5.24866667;-5.19866667;-5.17366667;-9.25539446
20/05/2014;-5.25683333;-5.20683333;-5.18183333;-5.84238612
21/05/2014;-5.27833333;-5.22833333;-5.20333333;-8.7256747
22/05/2014;-5.2425;-5.1925;-5.1675;-5.06800173
23/05/2014;-5.22583333;-5.17583333;-5.15083333;-6.64636031
26/05/2014;-5.22583333;-5.17583333;-5.15083333;-11.18233733
27/05/2014;-5.36666667;-5.32966667;-5.21666667;-6.29293136
28/05/2014;-5.49816667;-5.46116667;-5.34816667;-5.57996509
29/05/2014;-5.1105;-5.1735;-5.0355;-3.51161602
30/05/2014;-5.46516667;-5.40516667;-5.44316667;6.55415815
02/06/2014;-5.941;-5.674;-5.562;-4.6129081
03/06/2014;-5.663;-5.763;-5.775;-6.54556422
04/06/2014;-6.1025;-6.2025;-6.2145;37.93061624
05/06/2014;-6.31533333;-6.41533333;-6.42733333;-4.54744053
06/06/2014;-6.719;-6.819;-6.831;3.32944579
09/06/2014;-6.59916667;-6.56116667;-6.54816667;17.81106095
10/06/2014;-6.63016667;-6.59216667;-6.57916667;-18.83409119
11/06/2014;-6.57316667;-6.53516667;-6.52216667;-8.21472275
12/06/2014;-6.72233333;-6.68433333;-6.67133333;15.73747207
16/06/2014;-6.45666667;-6.59466667;-6.48166667;-19.30011674
17/06/2014;-6.75533333;-6.89333333;-6.78033333;-11.20364988
18/06/2014;-6.99733333;-7.13533333;-7.02233333;-13.50752347
19/06/2014;-6.9875;-7.1255;-7.0125;-8.59419275
20/06/2014;-6.9405;-7.0785;-6.9655;-10.21772694
23/06/2014;-6.805;-7.105;-7.117;-9.8235116
24/06/2014;-6.40883333;-6.70883333;-6.72083333;-12.26971447
25/06/2014;-6.14716667;-6.44716667;-6.45916667;-11.63564576
26/06/2014;-6.4245;-6.5625;-6.5745;-18.46564069
27/06/2014;-5.794;-6.019;-5.956;-10.32914039
30/06/2014;-6.35783333;-6.30783333;-6.33283333;-1.88126007
01/07/2014;-6.50633333;-6.45633333;-6.48133333;-1.84655461
02/07/2014;-6.68483333;-6.63483333;-6.65983333;-7.32720307
03/07/2014;-6.84733333;-6.79733333;-6.82233333;-7.75487864
04/07/2014;-7.35033333;-7.30033333;-7.32533333;-4.16610618
07/07/2014;-7.50383333;-7.45383333;-7.36683333;-13.48574285
08/07/2014;-7.47066667;-7.42066667;-7.33366667;-16.10131966
09/07/2014;-7.41166667;-7.36166667;-7.27466667;-14.94720909
10/07/2014;-7.42133333;-7.37133333;-7.28433333;2.33093666
11/07/2014;-7.52466667;-7.47466667;-7.38766667;-0.33652885
14/07/2014;-7.40116667;-7.42616667;-7.37616667;-9.25493978
15/07/2014;-7.46833333;-7.49333333;-7.44333333;-5.10473138
16/07/2014;-7.54733333;-7.57233333;-7.52233333;-0.14744974
17/07/2014;-7.54966667;-7.57466667;-7.52466667;-2.40950317
18/07/2014;-7.55733333;-7.58233333;-7.53233333;0.57379268
21/07/2014;-7.54933333;-7.51133333;-7.27433333;-14.57078955
22/07/2014;-7.73166667;-7.69366667;-7.45666667;-7.8799289
23/07/2014;-7.706;-7.668;-7.431;-3.90368063
24/07/2014;-7.458;-7.42;-7.183;-10.61611341
25/07/2014;-6.802;-6.764;-6.527;-0.04275616
28/07/2014;-6.50266667;-6.59066667;-6.64066667;-2.76521142
29/07/2014;-6.33883333;-6.42683333;-6.47683333;-7.67366366
30/07/2014;-5.27283333;-5.36083333;-5.41083333;1.78872078
31/07/2014;-5.63616667;-5.63616667;-5.67783333;8.78290276
01/08/2014;-2.958;-5.965;-6.00666667;6.7710027
04/08/2014;-6.33483333;-6.35983333;-6.34983333;-1.79594994
05/08/2014;-6.42233333;-6.44733333;-6.43733333;-2.08222234
06/08/2014;-6.45816667;-6.48316667;-6.47316667;-14.17504929
07/08/2014;-6.58683333;-6.61183333;-6.60183333;14.59951371
08/08/2014;-6.87083333;-6.89583333;-6.88583333;6.33468679
11/08/2014;-6.891;-6.966;-7.05716667;21.62514788
12/08/2014;-6.96283333;-7.03783333;-7.129;7.600866699
13/08/2014;-6.9585;-7.0335;-7.12466667;6.5373107
14/08/2014;-6.769;-6.844;-6.93516667;3.90757288
15/08/2014;-6.6745;-6.7495;-6.84066667;8.78919248
18/08/2014;-6.814;-6.864;-6.54983333;-4.18373712
19/08/2014;-6.65583333;-6.80333333;-6.89133333;-9.11243303
20/08/2014;-6.78083333;-6.92833333;-7.01633333;-1.4630227
21/08/2014;-6.807;-6.9545;-7.0425;-4.14285745
22/08/2014;-6.3455;-6.493;-6.581;-2.3294608
25/08/2014;-6.29233333;-6.411;-6.39633333;-5.66464521
26/08/2014;-6.14;-6.25866667;-6.244;-7.03248514
27/08/2014;-6.00133333;-6.12;-6.10533333;-5.03323108
28/08/2014;-3.178;-3.20966667;-3.158;-4.65926152
29/08/2014;-2.622;-2.9245;-3.0495;-0.27751094
01/09/2014;-1.49133333;-1.44133333;-1.37833333;-8.5694723
02/09/2014;-1.72033333;-1.72033333;-1.68333333;21.77449938
03/09/2014;-2.00816667;-2.00816667;-1.97116667;-2.35052173
04/09/2014;-1.95816667;-1.95816667;-1.92116667;-13.70654766
05/09/2014;-2.01916667;-2.01916667;-1.98216667;-7.19124639
08/09/2014;-2.48216667;-2.13216667;-2.18216667;-1.03753701
09/09/2014;-2.702;-2.352;-2.402;14.81983617
10/09/2014;-2.71416667;-2.36416667;-2.41416667;-21.12070724
11/09/2014;-2.712;-2.362;-2.412;41.23920188
12/09/2014;-2.95533333;-2.60533333;-2.65533333;-4.73732622
15/09/2014;1.74383333;1.74383333;1.74383333;-14.11588605
16/09/2014;-2.2195;-2.0565;-2.0065;-14.25074958
17/09/2014;-2.22383333;-2.06083333;-2.01083333;-10.83780698
18/09/2014;-2.01216667;-1.84916667;-1.79916667;-8.97328323
19/09/2014;-2.04866667;-1.88566667;-1.83566667;-6.12546878
22/09/2014;-1.89933333;-2.01233333;-1.76233333;-10.78503116
23/09/2014;-1.9895;-2.1025;-1.8525;-22.00421839
24/09/2014;-1.93533333;-2.04833333;-1.79833333;-17.58828661
25/09/2014;-1.6555;-1.7685;-1.5185;-9.67863542
30/09/2014;0.34116667;0.39116667;0.50416667;-14.53958519
01/10/2014;0.34116667;0.39116667;0.50416667;-6.24697013
02/10/2014;0.58516667;0.21016667;0.13516667;-7.29705084
03/10/2014;0.31666667;-0.05833333;-0.13333333;-12.136992
06/10/2014;-0.42916667;-0.27916667;-0.27916667;-11.10750072
07/10/2014;-0.29933333;-0.14933333;-0.14933333;-6.92212161
08/10/2014;-0.15216667;-0.00216667;-0.00216667;-8.52996417
09/10/2014;-0.09966667;0.05033333;0.05033333;-10.7632032
10/10/2014;-0.14833333;0.00166667;0.00166667;2.05359555
13/10/2014;-0.33666667;-0.17466667;-0.11266667;-12.34671888
14/10/2014;-0.188;-0.026;0.036;-10.65769662
15/10/2014;-0.19216667;-0.03016667;0.03183333;-14.35228715
16/10/2014;-0.0705;0.0915;0.1535;-5.09251573
20/10/2014;0.2625;-0.1495;-0.1875;-6.96111707
21/10/2014;0.36216667;-0.04983333;-0.08783333;-3.0115325
22/10/2014;0.41283333;0.00083333;-0.03716667;-10.32388773
23/10/2014;0.23483333;-0.17716667;-0.21516667;-3.93618366
24/10/2014;0.22566667;-0.18633333;-0.22433333;-7.36214646
27/10/2014;-0.12716667;-0.28916667;-0.27716667;15.03295531
28/10/2014;0.02766667;-0.13433333;-0.12233333;22.84087248
29/10/2014;0.164;0.002;0.014;15.94560752
30/10/2014;0.87916667;0.80416667;0.79116667;25.43273678
31/10/2014;0.66233333;0.50033333;0.51233333;23.54497817
03/11/2014;0.9375;0.6505;0.7125;3.78893786
04/11/2014;0.84;0.553;0.615;-3.30787666
05/11/2014;0.77616667;0.48916667;0.55116667;-14.80535561
06/11/2014;0.70516667;0.41816667;0.48016667;-7.40604314
07/11/2014;0.80633333;0.51933333;0.58133333;-12.14006312
10/11/2014;0.70933333;0.50933333;0.49733333;12.72112718
11/11/2014;0.58733333;0.38733333;0.37533333;22.60091568
12/11/2014;0.715;0.515;0.503;5.36311117
13/11/2014;0.5605;0.3605;0.3485;-0.95993893
14/11/2014;0.42433333;0.22433333;0.21233333;-17.11585114
17/11/2014;0.75683333;0.54383333;0.45683333;11.8239481
18/11/2014;0.762;0.549;0.462;37.0708398
19/11/2014;0.723;0.51;0.423;-8.19389709
20/11/2014;0.87383333;0.66083333;0.57383333;-10.22924361
21/11/2014;0.8555;0.6425;0.5555;-9.30075446
24/11/2014;1.04966667;0.78766667;0.65066667;36.65176035
26/11/2014;1.39716667;1.13516667;0.99816667;-5.9207755
27/11/2014;1.30833333;1.32133333;1.18433333;-19.16526503
28/11/2014;1.2505;1.2635;1.1265;43.17521261
01/12/2014;1.0945;1.3195;1.3695;30.47185742
02/12/2014;0.95866667;1.18366667;1.23366667;4.01213745
03/12/2014;0.96583333;1.19083333;1.24083333;25.12924891
04/12/2014;1.01116667;1.23616667;1.28616667;43.05507276
05/12/2014;0.82;1.045;1.095;-1.58404664
08/12/2014;0.9155;0.9535;0.8665;-7.79758427
09/12/2014;0.91283333;0.95083333;0.86383333;3.90489142
10/12/2014;0.961;0.999;0.912;8.92209871
11/12/2014;0.86516667;0.90316667;0.81616667;42.15036257
12/12/2014;0.849;0.887;0.8;11.15871121
15/12/2014;0.59383333;0.78183333;0.60683333;-12.04554536
16/12/2014;0.73733333;0.92533333;0.75033333;-11.14903619
17/12/2014;0.66433333;0.85233333;0.67733333;-11.73462366
18/12/2014;0.76;0.948;0.773;-13.96480167
19/12/2014;0.76816667;0.95616667;0.78116667;-10.50070846
22/12/2014;1.04833333;0.91133333;0.82333333;-13.18060979
23/12/2014;1.11316667;0.97616667;0.88816667;-13.95848043
24/12/2014;1.15433333;1.01733333;0.92933333;43.7482545
26/12/2014;1.15433333;1.01733333;0.92933333;11.1730252
29/12/2014;0.79566667;0.73366667;0.93366667;31.08474006
30/12/2014;0.94916667;0.94916667;1.44916667;16.29034346
31/12/2014;0.6625;0.8005;0.8505;-5.28102974
02/01/2015;0.586;0.724;0.774;-9.08818504
05/01/2015;0.57216667;0.61016667;0.58516667;42.58733676
06/01/2015;0.55683333;0.59483333;0.56983333;-10.27969561
07/01/2015;0.55908333;0.59708333;0.57208333;21.39817939
08/01/2015;0.56133333;0.59933333;0.57433333;-12.71869475
09/01/2015;0.4925;0.5305;0.5055;22.40742243
12/01/2015;0.7235;0.6985;-0.0395;13.1811527
13/01/2015;0.99783333;0.97283333;0.23483333;-21.24112567
14/01/2015;1.1925;1.1675;1.1925;34.32128612
15/01/2015;0.95833333;0.93333333;0.95833333;10.40304297
16/01/2015;0.82283333;0.79783333;0.82283333;-9.26198386
19/01/2015;0.884;0.647;0.547;-1.75068384
20/01/2015;0.85383333;0.61683333;0.51683333;-5.37013732
21/01/2015;0.84833333;0.61133333;0.51133333;40.46194134
22/01/2015;0.8705;0.6335;0.5335;22.94413403
23/01/2015;0.717;0.48;0.38;-8.34907667
26/01/2015;0.81366667;0.58866667;0.82566667;9.290519
27/01/2015;0.87433333;0.64933333;0.88633333;1.92166321
28/01/2015;1.00666667;0.78166667;1.01866667;9.09464407
29/01/2015;0.99866667;0.82366667;1.03566667;-13.88791741
30/01/2015;0.98816667;0.81316667;0.96983333;19.14556508
02/02/2015;0.91866667;0.66866667;0.74533333;12.23167513
03/02/2015;0.76816667;0.53283333;0.45616667;-8.16399939
04/02/2015;0.79816667;0.56283333;0.48616667;13.72466176
05/02/2015;0.84333333;0.608;0.53133333;-15.47094338
06/02/2015;0.72566667;0.49033333;0.41366667;-2.8174116
09/02/2015;0.63983333;0.45233333;0.532;-17.61649847
10/02/2015;0.92933333;0.74183333;0.8215;-5.91076238
11/02/2015;1.16116667;0.97366667;1.05333333;-14.16843238
12/02/2015;1.64633333;1.45883333;1.5385;30.33573234
13/02/2015;1.44916667;1.26166667;1.34133333;16.26488866
16/02/2015;1.073;0.97716667;0.94633333;8.91097346
17/02/2015;1.07616667;0.98033333;0.9495;31.82038794
18/02/2015;0.95333333;0.8575;0.82666667;18.24231382
19/02/2015;0.854;0.75816667;0.72733333;-3.51007408
20/02/2015;0.98266667;0.88683333;0.856;-7.31521569
23/02/2015;0.83533333;0.84583333;0.923;1.75166695
24/02/2015;0.937;0.9475;1.02466667;32.12064129
25/02/2015;1.094;1.1045;1.18166667;-19.30096584
26/02/2015;0.9975;1.07;1.05916667;-10.91911792
27/02/2015;1.03383333;0.93966667;0.913;9.60385432
02/03/2015;-1.01883333;-0.89383333;-0.91883333;36.13709176
03/03/2015;-1.26333333;-1.13833333;-1.25133333;35.81078188
04/03/2015;-1.231;-1.106;-1.219;20.20610381
05/03/2015;-1.451;-1.326;-1.439;17.72157432
06/03/2015;-1.37983333;-1.25483333;-1.36783333;-2.44172724
09/03/2015;-1.0965;-1.0335;-1.0585;-18.97734753
10/03/2015;-1.15733333;-1.09433333;-1.11933333;-5.58327536
11/03/2015;-0.881;-0.818;-0.843;-10.39936058
12/03/2015;-0.9805;-0.9175;-0.9425;29.72374759
13/03/2015;-1.0905;-1.0275;-1.0525;30.07677042
16/03/2015;-1.02983333;-0.90483333;-1.10483333;42.9659494
17/03/2015;-1.1205;-0.9955;-1.1955;30.14409784
18/03/2015;-1.223;-1.098;-1.298;30.05595035
19/03/2015;-1.24133333;-1.11633333;-1.31633333;21.4093198
20/03/2015;-1.4885;-1.3635;-1.5635;8.28831839
23/03/2015;-1.35883333;-1.37183333;-1.37183333;-9.90090577
24/03/2015;-1.2;-1.213;-1.213;42.1392647
25/03/2015;-1.20733333;-1.22033333;-1.22033333;-11.35361287
26/03/2015;-1.273;-1.286;-1.286;16.22128973
27/03/2015;-1.16333333;-1.17633333;-1.17633333;16.34472405
30/03/2015;-1.224;-1.224;-1.261;-6.88595507
31/03/2015;-1.16816667;-1.14316667;-1.18016667;-22.71984917
01/04/2015;-0.98333333;-0.95833333;-0.99533333;0.03749277
02/04/2015;-0.88866667;-0.86366667;-0.90066667;31.70445962
06/04/2015;-0.88866667;-0.86366667;-0.90066667;-17.4246282
07/04/2015;-1.16983333;-0.99483333;-1.04483333;20.08781413
08/04/2015;-1.13133333;-0.95633333;-1.00633333;-23.95440784
09/04/2015;-1.05783333;-0.88283333;-0.93283333;33.99948344
10/04/2015;-1.12216667;-0.94716667;-0.99716667;-14.00752827
13/04/2015;-1.08333333;-0.98333333;-1.17033333;-12.4716066
14/04/2015;-1.21;-1.11;-1.297;-15.32913645
15/04/2015;-1.17516667;-1.07516667;-1.26216667;-15.43278428
16/04/2015;-1.29;-1.19;-1.377;-16.52715887
17/04/2015;-1.33366667;-1.23366667;-1.42066667;2.51853031
20/04/2015;-1.3845;-1.2345;-1.4095;-15.43200165
21/04/2015;-1.28533333;-1.13533333;-1.31033333;8.80721801
22/04/2015;-1.29633333;-1.14633333;-1.32133333;-7.55530799
23/04/2015;-1.39233333;-1.24233333;-1.41733333;-10.54999382
24/04/2015;-1.40316667;-1.25316667;-1.42816667;-6.74725278
27/04/2015;-1.332;-1.182;-1.357;-17.43110473
28/04/2015;-1.26466667;-1.22666667;-1.48966667;-2.87043028
29/04/2015;-1.55316667;-1.41516667;-1.45316667;-0.80314277
30/04/2015;-1.4795;-1.4045;-1.5165;-21.6353962
01/05/2015;-1.47633333;-1.40133333;-1.51333333;13.56631517
04/05/2015;-1.40133333;-1.40133333;-1.55133333;-15.94928011
05/05/2015;-1.54966667;-1.54966667;-1.69966667;-3.62890725
06/05/2015;-1.57666667;-1.57666667;-1.72666667;4.28099128
07/05/2015;-1.62233333;-1.62233333;-1.77233333;0.70555973
08/05/2015;-1.61283333;-1.61283333;-1.76283333;-1.24744056
11/05/2015;-1.49666667;-1.53466667;-1.55966667;-0.70366532
12/05/2015;-1.51116667;-1.54916667;-1.57416667;-12.10171769
13/05/2015;-1.48416667;-1.52216667;-1.54716667;2.66551139
14/05/2015;-1.59066667;-1.62866667;-1.65366667;28.58741803
15/05/2015;-1.53266667;-1.57066667;-1.59566667;12.78767674
18/05/2015;-1.57766667;-1.56466667;-1.65266667;-21.55713855
19/05/2015;-1.54033333;-1.52733333;-1.61533333;-14.52094953
20/05/2015;-1.58183333;-1.56883333;-1.65683333;1.84803536
21/05/2015;-1.5885;-1.5755;-1.6635;8.72705664
22/05/2015;-1.5515;-1.5385;-1.6265;20.84592986
25/05/2015;-1.7255;-1.5385;-1.5635;-20.63792293
26/05/2015;-1.6175;-1.4305;-1.4555;-3.91588473
27/05/2015;-1.5255;-1.3385;-1.3635;-0.36978131
28/05/2015;-1.593;-1.456;-1.481;17.04711767
29/05/2015;-1.36783333;-1.50483333;-1.40483333;17.02618613
01/06/2015;-1.4755;-1.4885;-1.5135;2.7332443
02/06/2015;-1.3925;-1.4055;-1.4305;5.6036829
03/06/2015;-1.39816667;-1.41116667;-1.43616667;3.99486057
04/06/2015;-1.3895;-1.4025;-1.4275;11.68336867
05/06/2015;-1.3755;-1.3885;-1.4135;6.58833674
08/06/2015;-1.46;-1.373;-1.348;-6.46382302
09/06/2015;-1.5285;-1.4415;-1.4165;-10.80727488
10/06/2015;-1.49616667;-1.40916667;-1.38416667;0.60000918
11/06/2015;-1.545;-1.458;-1.433;8.21993997
12/06/2015;-1.57266667;-1.48566667;-1.46066667;30.92349655
15/06/2015;-1.382;-1.432;-1.507;5.01657699
16/06/2015;-1.33733333;-1.38733333;-1.46233333;-6.00445905
17/06/2015;-1.37783333;-1.42783333;-1.50283333;-2.6327868
18/06/2015;-1.391;-1.441;-1.516;3.44511982
19/06/2015;-1.39933333;-1.44933333;-1.52433333;4.03855797
22/06/2015;-1.2745;-1.3245;-1.3995;3.38922787
23/06/2015;-1.25783333;-1.24583333;-1.43383333;6.72053588
24/06/2015;-1.2515;-1.2395;-1.4275;19.17449208
25/06/2015;-1.318;-1.306;-1.494;18.42100054
26/06/2015;-1.328;-1.316;-1.504;17.28618307
29/06/2015;-1.39416667;-1.39416667;-1.45616667;20.19430587
30/06/2015;-1.368;-1.33;-1.23;5.44486639
01/07/2015;-1.26683333;-1.22883333;-1.12883333;18.02713003
02/07/2015;-1.1385;-1.1005;-1.0005;-9.94330047
03/07/2015;-1.12533333;-1.08733333;-0.98733333;29.61179874
06/07/2015;-1.00616667;-0.94416667;-0.96916667;7.11917098
07/07/2015;-0.966;-0.904;-0.929;7.50851753
08/07/2015;-0.946;-0.884;-0.909;15.51483739
09/07/2015;-0.92966667;-0.86766667;-0.89266667;16.9383265
10/07/2015;-0.85583333;-0.79383333;-0.81883333;17.81597846
13/07/2015;-0.76516667;-0.76516667;-0.82716667;7.42496999
14/07/2015;-0.778;-0.778;-0.84;12.00144079
15/07/2015;-0.7985;-0.7985;-0.8605;7.68932208
16/07/2015;-0.803;-0.803;-0.865;16.09078803
17/07/2015;-0.82666667;-0.82666667;-0.88866667;13.08266524
20/07/2015;-0.74;-0.69;-0.753;8.57023228
21/07/2015;-0.74933333;-0.69933333;-0.76233333;7.42271836
22/07/2015;-0.82083333;-0.77083333;-0.83383333;4.49221674
23/07/2015;-0.8795;-0.8295;-0.8925;17.19926502
24/07/2015;-0.913;-0.863;-0.926;7.11159392
27/07/2015;-0.81883333;-0.76883333;-0.83183333;6.89747603
28/07/2015;-0.7145;-0.6645;-0.7275;8.01010333
29/07/2015;-0.7105;-0.6605;-0.7235;10.41236793
30/07/2015;-0.68883333;-0.68883333;-0.70183333;18.16853323
31/07/2015;-0.584;-0.659;-0.709;18.42366498
03/08/2015;-0.56283333;-0.56283333;-0.59666667;-20.2139988
04/08/2015;-0.4975;-0.4975;-0.53133333;5.05050632
05/08/2015;-0.61333333;-0.61333333;-0.64716667;0.13766741
06/08/2015;-0.6235;-0.6235;-0.65733333;14.80832555
07/08/2015;-0.69983333;-0.69983333;-0.73366667;9.54945011
10/08/2015;-0.73466667;-0.70966667;-0.87166667;2.3238097
11/08/2015;-0.722;-0.68816667;-0.68816667;16.94732547
12/08/2015;-0.80433333;-0.80433333;-0.83816667;2.23598641
13/08/2015;-0.906;-0.906;-0.93983333;3.18646243
14/08/2015;-0.93133333;-0.93133333;-0.96516667;7.93543465
17/08/2015;-0.9675;-0.9675;-1.00133333;-9.09122731
18/08/2015;-0.95333333;-0.95333333;-0.98716667;-1.17895099
19/08/2015;-1.01416667;-1.02616667;-1.10366667;7.80055056
20/08/2015;-0.97383333;-0.98583333;-1.06333333;4.98725296
21/08/2015;-0.922;-0.934;-1.0115;1.45590451
24/08/2015;-0.6975;-0.9725;-0.9745;-7.93774781
25/08/2015;-0.6575;-0.9325;-0.9345;-4.87472024
26/08/2015;-0.56666667;-0.84166667;-0.84366667;-7.33249023
27/08/2015;-0.48566667;-0.76066667;-0.76266667;5.5882623
28/08/2015;-0.622;-0.622;-0.612;0.27346201
31/08/2015;-0.39283333;-0.622;-0.624;5.75469588
01/09/2015;0.573;0.298;0.298;2.53096962
02/09/2015;0.35316667;0.40316667;0.41616667;-0.29356326
03/09/2015;0.61716667;0.34216667;0.34216667;5.17398793
04/09/2015;0.56766667;0.29266667;0.29266667;-2.44249012
07/09/2015;0.616;0.341;0.341;-8.99277738
08/09/2015;0.58716667;0.31216667;0.31216667;14.8721281
09/09/2015;0.54116667;0.26616667;0.26616667;-6.55820601
10/09/2015;0.44516667;0.17016667;0.17016667;0.18213778
11/09/2015;0.5495;0.2745;0.2745;9.653622793
14/09/2015;0.21433333;0.30133333;0.58833333;-7.0801664
15/09/2015;0.23433333;0.32133333;0.60833333;2.87789182
16/09/2015;0.26166667;0.34866667;0.63566667;-1.95789429
17/09/2015;0.16683333;0.29183333;0.21683333;-1.02197679
18/09/2015;0.1165;0.2415;0.1665;40.77182019
21/09/2015;0.22866667;0.20366667;0.14166667;-13.58608721
22/09/2015;0.35066667;0.32566667;0.26366667;-3.76110131
23/09/2015;0.379;0.354;0.292;-3.22255816
24/09/2015;0.305;0.28;0.218;0.6657979
25/09/2015;0.361;0.336;0.274;5.20645289
28/09/2015;0.32416667;0.24916667;0.21216667;-2.65784325
29/09/2015;0.553;0.553;0.541;-2.26219675
30/09/2015;0.76833333;0.53616667;0.51116667;4.20304948
01/10/2015;0.39416667;0.39416667;0.36916667;39.81359996
02/10/2015;0.32616667;0.36416667;0.30216667;6.61344074
05/10/2015;0.42;0.445;0.395;-7.59304751
06/10/2015;0.42;0.445;0.395;3.37471687
07/10/2015;0.34183333;0.36683333;0.31683333;-2.39868329
08/10/2015;0.3835;0.4085;0.3585;-7.33820016
09/10/2015;0.33;0.355;0.305;39.29233794
12/10/2015;0.312;0.3;0.213;-4.8041676
13/10/2015;0.33966667;0.32766667;0.24066667;-17.06798712
14/10/2015;0.3195;0.3075;0.2205;-6.43233193
15/10/2015;0.3585;0.3465;0.2595;25.6309793
16/10/2015;0.361;0.349;0.262;7.36969656
19/10/2015;0.45216667;0.44016667;0.35316667;-4.28778967
20/10/2015;0.49633333;0.48433333;0.39733333;10.22749174
21/10/2015;0.50933333;0.49733333;0.41033333;-7.06112259
22/10/2015;0.52283333;0.51083333;0.42383333;-6.80631326
23/10/2015;0.55883333;0.54683333;0.45983333;-9.42504274
26/10/2015;0.496;0.484;0.434;-17.35025879
27/10/2015;0.53533333;0.52333333;0.47333333;5.48987575
28/10/2015;0.54533333;0.53333333;0.48333333;-14.87334855
29/10/2015;0.60033333;0.63833333;0.61333333;0.64442554
30/10/2015;0.54783333;0.53483333;0.49783333;-10.26148274
02/11/2015;0.37283333;0.52283333;0.49683333;35.31499756
03/11/2015;0.37733333;0.52733333;0.50133333;-6.95095435
04/11/2015;0.3525;0.5025;0.4765;35.43716606
05/11/2015;0.34766667;0.49766667;0.47166667;33.45241718
06/11/2015;0.493;0.643;0.617;29.38673575
09/11/2015;0.7325;0.6195;0.6075;12.98978269
10/11/2015;0.3775;0.5275;0.5015;40.93420342
11/11/2015;0.37166667;0.52166667;0.49566667;43.37743504
12/11/2015;0.2385;0.3885;0.3625;8.444218927
13/11/2015;0.181;0.331;0.305;-13.18592585
16/11/2015;0.19;0.265;0.252;-6.57171529
17/11/2015;0.0625;0.1375;0.1245;5.15654627
18/11/2015;0.1035;0.1785;0.1655;-6.35992906
19/11/2015;0.0545;0.1295;0.1165;-8.43210959
20/11/2015;0.06583333;0.14083333;0.12783333;22.92795249
23/11/2015;0.155;0.155;0.155;14.30455996
24/11/2015;0.12283333;0.18583333;0.19783333;34.98785872
25/11/2015;0.06283333;0.12583333;0.13783333;6.845474185
26/11/2015;0.07;0.133;0.145;38.04994941
27/11/2015;0.35283333;0.41583333;0.39083333;-6.31044196
30/11/2015;0.55283333;0.44083333;0.50283333;29.03668595
01/12/2015;0.40133333;0.46433333;0.47633333;11.86450474
02/12/2015;0.41866667;0.48166667;0.49366667;-6.65200287
03/12/2015;0.37866667;0.44166667;0.45366667;-7.13614443
04/12/2015;0.36366667;0.42666667;0.43866667;29.53911871
07/12/2015;0.38666667;0.38666667;0.33666667;-5.08726338
08/12/2015;0.51166667;0.38666667;0.33666667;25.33704394
09/12/2015;0.47133333;0.34633333;0.29633333;-13.80698784
10/12/2015;0.445;0.32;0.27;-5.63517764
11/12/2015;0.42083333;0.29583333;0.24583333;33.86437971
14/12/2015;0.548;0.273;0.273;-6.77997566
15/12/2015;0.56333333;0.28833333;0.28833333;-9.61497529
16/12/2015;0.58083333;0.30583333;0.30583333;-3.05116114
17/12/2015;0.45866667;0.18366667;0.18366667;5.485506479
18/12/2015;0.483;0.208;0.208;-1.05339726
21/12/2015;0.37266667;0.20266667;0.20266667;28.3081217
22/12/2015;0.212;0.1;0.1;-13.46312111
23/12/2015;0.111;-0.001;-0.001;-12.26404015
24/12/2015;0.14366667;0.03166667;0.03166667;-8.61550303
28/12/2015;-0.00133333;0.03666667;0.03666667;17.81137785
29/12/2015;0.17183333;0.20983333;0.20983333;-7.23403428
30/12/2015;0.38533333;0.33633333;0.39933333;-9.63604758
31/12/2015;0.17833333;0.21633333;0.21633333;-9.14309475
04/01/2016;0.14816667;0.27316667;0.28616667;4.899893941
05/01/2016;0.32083333;0.30883333;0.37083333;-17.79047323
06/01/2016;0.40466667;0.46766667;0.51766667;-8.34047547
07/01/2016;0.53633333;0.54933333;0.63633333;-9.79695823
08/01/2016;0.39283333;0.40583333;0.49283333;-6.63916592
11/01/2016;0.369;0.418;0.519;15.48179857
12/01/2016;0.28483333;0.33383333;0.38583333;-1.45512512
13/01/2016;0.35016667;0.39916667;0.425;21.6143373
14/01/2016;0.34833333;0.3655;0.325;-15.2438807
15/01/2016;0.34833333;0.369;0.41833333;-1.81554822
18/01/2016;0.33133333;0.38033333;0.33166667;11.55967684
19/01/2016;0.29466667;0.34366667;0.35333333;-22.04676597
20/01/2016;0.20233333;0.25133333;0.35333333;33.26189378
21/01/2016;0.14516667;0.19416667;0.35333333;30.59365982
22/01/2016;-0.02866667;0.02033333;0.10333333;31.72648806
25/01/2016;0.01166667;-0.06333333;0.10333333;-10.40225312
26/01/2016;0.09333333;-0.1105;0.05833333;-11.75189042
27/01/2016;0.09333333;-0.066;0.05833333;-10.9774887
28/01/2016;-0.11116667;-0.02416667;0.13883333;32.40405695
29/01/2016;-0.0425;-0.132;-0.04166667;-10.38605376
01/02/2016;-0.083;-0.16366667;-0.12;-14.42229514
02/02/2016;-0.0085;-0.08916667;-0.07666667;34.97360425
03/02/2016;0.03066667;-0.03083333;-0.07666667;-17.30437968
04/02/2016;-0.0385;-0.11916667;-0.02166667;26.26154281
05/02/2016;-0.061;-0.14166667;-0.02166667;20.94831653
08/02/2016;0.02466667;-0.056;-0.02166667;7.514627002
09/02/2016;0.06316667;-0.0175;-0.03666667;30.50820068
10/02/2016;0.02783333;-0.05283333;0.035;37.10075244
11/02/2016;0.02483333;-0.05583333;0.035;-9.96293903
12/02/2016;-0.00016667;-0.08083333;-0.07333333;31.80791265
15/02/2016;0.09733333;-0.13333333;-0.02;32.47309428
16/02/2016;0.11983333;-0.11083333;-0.09;12.43743509
17/02/2016;0.168;-0.06266667;-0.01166667;1.758627101
18/02/2016;0.20216667;-0.0285;-0.01166667;-11.81818214
19/02/2016;0.22216667;-0.0085;-0.03;-8.35155147
22/02/2016;0.18433333;0.00516667;0.055;-14.72831026
23/02/2016;0.23766667;0.0585;0.115;-5.58293492
24/02/2016;0.33416667;0.155;0.18333333;2.71169082
25/02/2016;0.28766667;0.1085;0.15333333;32.93075511
26/02/2016;0.1345;0.03033333;-0.01666667;15.60854832
29/02/2016;0.03533333;0.04;0.03833333;-12.18755934
01/03/2016;-1.69533333;-1.68233333;-1.52833333;14.69666627
02/03/2016;-1.705;-1.692;-1.53833333;-5.21060009
03/03/2016;-1.73716667;-1.72416667;-1.57;-8.12155023
04/03/2016;-1.802;-1.789;-1.51;-19.61942944
07/03/2016;-1.71033333;-1.91033333;-1.76333333;0.72977597
08/03/2016;-1.63;-1.83;-1.72833333;27.61563795
09/03/2016;-1.616;-1.816;-1.72833333;35.05257421
10/03/2016;-1.61016667;-1.81016667;-1.59166667;-12.33470716
11/03/2016;-1.56083333;-1.76083333;-1.59166667;-11.4862094
14/03/2016;-1.59583333;-1.59583333;-1.46833333;-7.49882702
15/03/2016;-1.41783333;-1.51783333;-1.44333333;-18.86878936
16/03/2016;-1.45183333;-1.55183333;-1.44333333;33.44910796
17/03/2016;-1.53083333;-1.63083333;-1.44333333;-9.86942003
18/03/2016;-1.55716667;-1.65716667;-1.5;-8.71175731
21/03/2016;-1.83683333;-1.66183333;-1.505;7.687279362
22/03/2016;-1.815;-1.64;-1.44166667;-10.08694834
23/03/2016;-1.76766667;-1.59266667;-1.44166667;31.17492396
24/03/2016;-1.7125;-1.5375;-1.51166667;-8.80837979
28/03/2016;-1.7125;-1.5375;-1.51166667;-14.00574639
29/03/2016;-1.54166667;-1.44166667;-1.51333333;32.41977382
30/03/2016;-1.5305;-1.5175;-1.48033333;-12.033255
31/03/2016;-1.4695;-1.5065;-1.44666667;-7.61145297
01/04/2016;-1.59016667;-1.62716667;-1.48;3.990053729
04/04/2016;-1.81166667;-1.73666667;-1.545;-19.42429878
05/04/2016;-1.85533333;-1.78033333;-1.59166667;19.65216014
06/04/2016;-1.84033333;-1.76533333;-1.59166667;13.6970027
07/04/2016;-1.90033333;-1.82533333;-1.59166667;-21.20653195
08/04/2016;-1.98216667;-1.90716667;-1.725;0.80662775
11/04/2016;-1.93033333;-1.99333333;-1.80833333;20.71099771
12/04/2016;-1.9395;-2.0025;-1.82;-9.51047224
13/04/2016;-1.924;-1.987;-1.82;-1.17477651
14/04/2016;-1.86833333;-1.93133333;-1.82;2.18586345
15/04/2016;-1.86333333;-1.92633333;-1.82;22.03951895
18/04/2016;-1.98166667;-1.83266667;-1.75;15.21478036
19/04/2016;-2.051;-1.902;-1.75;-16.00220719
20/04/2016;-2.07816667;-1.92916667;-1.76666667;-18.64665249
21/04/2016;-2.08383333;-1.93483333;-1.76666667;19.24103519
22/04/2016;-2.13;-1.981;-1.76666667;41.0497436
25/04/2016;-2.076;-1.93516667;-1.85;-4.15289486
26/04/2016;-1.84816667;-1.69483333;-1.78283333;24.55513028
27/04/2016;-1.78616667;-1.78616667;-1.83666667;-4.08671315
28/04/2016;-1.96733333;-1.96733333;-1.79166667;4.487523033
29/04/2016;-1.971;-1.971;-1.77;-4.17430868
02/05/2016;-1.93;-1.885;-1.77;-12.3531935
03/05/2016;-2.03916667;-1.99416667;-1.84;33.95895388
04/05/2016;-2.16433333;-2.11933333;-1.89833333;1.4607901
05/05/2016;-2.04516667;-2.00016667;-1.77916667;16.82187868
06/05/2016;-1.88266667;-1.83766667;-1.80833333;43.23452906
09/05/2016;-1.9245;-1.75;-1.66033333;-1.58530846
10/05/2016;-2.04366667;-1.86916667;-1.68;9.282349639
11/05/2016;-2.13033333;-1.95583333;-1.76666667;14.46410564
12/05/2016;-2.096;-1.9215;-1.755;-8.8150669
13/05/2016;-2.11566667;-1.94116667;-1.84333333;1.35388259
16/05/2016;-1.91833333;-1.98133333;-2.01183333;-2.13295152
17/05/2016;-1.94583333;-2.00883333;-1.95166667;0.95194921
18/05/2016;-1.92966667;-1.99266667;-1.95166667;8.26189382
19/05/2016;-1.88333333;-1.94633333;-1.95166667;4.985076808
20/05/2016;-1.852;-1.915;-1.91166667;14.52645566
23/05/2016;-1.80233333;-1.85133333;-1.73666667;-5.21844619
24/05/2016;-1.72066667;-1.76966667;-1.73666667;8.799965117
25/05/2016;-1.71466667;-1.76366667;-1.73666667;4.93616204
26/05/2016;-1.67516667;-1.72416667;-1.70583333;-1.47555223
27/05/2016;-1.55833333;-1.60733333;-1.59166667;0.20284282
30/05/2016;-1.75783333;-1.65833333;-1.66166667;-12.5742984
31/05/2016;-1.681;-1.5815;-1.58166667;-11.6102793
01/06/2016;-1.6105;-1.511;-1.51933333;-9.1318836
02/06/2016;-1.62433333;-1.52483333;-1.527;-5.00392333
03/06/2016;-1.7325;-1.633;-1.625;4.49359959
06/06/2016;-2.0315;-1.863;-1.92;-6.97187062
07/06/2016;-2.10116667;-1.93266667;-2.02666667;-7.94864294
08/06/2016;-2.21266667;-2.04416667;-2.08833333;31.44376979
09/06/2016;-2.2215;-2.053;-2.06;0.58525453
10/06/2016;-2.11516667;-1.94666667;-1.9825;2.20069786
13/06/2016;-2.10533333;-2.00533333;-2.08316667;-0.3170808
14/06/2016;-2.13433333;-2.03433333;-1.99333333;-4.94348454
15/06/2016;-2.06333333;-1.96333333;-1.998;-2.4564075
16/06/2016;-2.09783333;-1.99783333;-2.07033333;-3.40928064
17/06/2016;-2.0935;-1.9935;-2.10866667;-2.2087998
20/06/2016;-2.16283333;-2.06183333;-2.246;2.10578143
21/06/2016;-2.13216667;-2.03116667;-2.24833333;-5.87268961
22/06/2016;-2.5165;-2.4155;-2.65833333;-2.83104932
23/06/2016;-2.3185;-2.2175;-2.43833333;5.574439491
24/06/2016;-2.25033333;-2.14933333;-2.43833333;-3.46669683
27/06/2016;-2.16433333;-2.11433333;-2.2785;-6.33471743
28/06/2016;-2.27966667;-2.22966667;-2.39383333;-5.79593234
29/06/2016;-2.15;-2.162;-2.20666667;-14.73417972
30/06/2016;-2.09366667;-2.10566667;-2.20666667;-7.11373101
01/07/2016;-2.3755;-2.3875;-2.43;-4.98877402
04/07/2016;-2.61133333;-2.517;-2.6475;-5.16633668
05/07/2016;-2.56566667;-2.47133333;-2.55416667;6.455808712
06/07/2016;-2.50933333;-2.415;-2.52833333;-12.74084592
07/07/2016;-2.54516667;-2.45083333;-2.55416667;2.96279669
08/07/2016;-2.4975;-2.40316667;-2.52466667;39.48122663
11/07/2016;-2.3425;-2.39283333;-2.5275;-1.68837581
12/07/2016;-2.3405;-2.39083333;-2.5325;-4.61848873
13/07/2016;-2.32466667;-2.38133333;-2.45666667;39.03448625
14/07/2016;-2.25183333;-2.3085;-2.43083333;4.51633426
15/07/2016;-3.31866667;-3.37533333;-2.40416667;2.44708547
18/07/2016;-2.80316667;-2.7815;-2.90583333;-13.81589074
19/07/2016;-2.702;-2.67733333;-2.77916667;-5.97670911
20/07/2016;-2.483;-2.45833333;-2.72916667;-7.31484572
21/07/2016;-2.37316667;-2.3485;-2.47916667;3.7477717
22/07/2016;-2.28033333;-2.25566667;-2.3525;3.66387655
25/07/2016;-2.1595;-2.20566667;-2.20416667;-5.79995368
26/07/2016;-2.24566667;-2.29183333;-2.37666667;-1.91284677
27/07/2016;-2.31633333;-2.3625;-2.455;-7.20568026
28/07/2016;-1.89633333;-1.9425;-1.91333333;2.66465244
29/07/2016;-1.93883333;-1.985;-1.98083333;10.818716
01/08/2016;-1.9855;-2.07833333;-2.0275;2.55291726
02/08/2016;-1.605;-2.10366667;-2.10583333;5.988099592
03/08/2016;-1.94116667;-2.15966667;-2.13083333;1.17841732
04/08/2016;-1.946;-2.1645;-2.25666667;14.20572609
05/08/2016;-2.06566667;-2.28416667;-2.22916667;23.09638257
08/08/2016;-2.56733333;-2.59733333;-2.60666667;-5.21192029
09/08/2016;-2.79333333;-2.82333333;-2.7825;-2.23115327
10/08/2016;-2.672;-2.702;-2.73166667;26.62077252
11/08/2016;-2.74333333;-2.77333333;-2.81666667;-5.00771465
12/08/2016;-3.19733333;-3.22733333;-3.22333333;-4.26240592
15/08/2016;-3.65966667;-3.70433333;-3.70833333;-6.25083358
16/08/2016;-3.595;-3.63966667;-3.6825;-4.1583542
17/08/2016;-3.56866667;-3.61333333;-3.67916667;8.758068687
18/08/2016;-3.624;-3.66866667;-3.67916667;9.207010904
19/08/2016;-4.67066667;-4.71533333;-4.64833333;27.69101926
22/08/2016;-3.67133333;-3.85683333;-3.80833333;-7.75151882
23/08/2016;-3.31566667;-3.50083333;-3.65666667;-13.16579496
24/08/2016;-3.641;-3.82616667;-3.83416667;-0.57718068
25/08/2016;-3.66183333;-3.847;-3.91083333;-3.46825637
26/08/2016;-3.632;-3.81716667;-3.83333333;-4.99841175
29/08/2016;-3.6145;-3.79966667;-3.81583333;-2.65015882
30/08/2016;-1.79733333;-2.0955;-2.01666667;-11.66485841
31/08/2016;-2.041;-2.17416667;-2.00666667;-1.45225846
01/09/2016;-1.71716667;-1.74216667;-1.675;-9.75696559
02/09/2016;-1.634;-1.659;-1.53;2.31110429
05/09/2016;-2.0195;-1.8325;-1.74916667;0.85493291
06/09/2016;-2.1025;-1.9155;-1.91583333;-7.04682259
07/09/2016;-2.3365;-2.1495;-2.1975;31.12554384
08/09/2016;-2.42;-2.233;-2.3425;-3.36057136
09/09/2016;-2.33;-2.143;-2.3425;3.285363591
12/09/2016;-2.2955;-2.1575;-2.3215;44.89511523
13/09/2016;-2.15183333;-2.01383333;-2.116;-11.55761269
14/09/2016;-2.12766667;-1.98966667;-2.068;-1.91837923
15/09/2016;-1.82716667;-1.68916667;-1.8025;-3.40260762
16/09/2016;-1.63383333;-1.49583333;-1.4325;1.565770595
19/09/2016;-1.44266667;-1.28016667;-1.29333333;0.88068945
20/09/2016;-1.48633333;-1.32483333;-1.22833333;-2.55097297
21/09/2016;-1.47166667;-1.30916667;-1.34833333;-10.67920469
22/09/2016;-1.36433333;-1.20183333;-1.41333333;1.09173417
23/09/2016;-1.24433333;-1.08183333;-1.15083333;4.33060175
26/09/2016;-1.246;-1.1335;-1.10583333;-5.54317111
27/09/2016;-1.32233333;-1.20983333;-1.24333333;2.981883882
28/09/2016;-1.1745;-1.062;-1.06833333;-5.5516518
29/09/2016;0.5205;0.633;0.54666667;-2.43666419
30/09/2016;0.44283333;0.44833333;0.41416667;3.10464581
03/10/2016;0.37833333;0.55233333;0.40333333;-11.3796555
04/10/2016;0.48283333;0.65683333;0.52833333;-22.21850838
05/10/2016;0.39216667;0.56616667;0.365;-17.22693518
06/10/2016;0.42533333;0.59933333;0.365;-19.27333464
07/10/2016;0.50916667;0.68316667;0.5;6.52023668
10/10/2016;0.459;0.4965;0.4;-11.71384274
11/10/2016;0.38;0.4175;0.274;-9.88811527
12/10/2016;0.3065;0.344;0.34;38.24784661
13/10/2016;0.426;0.4635;0.39;-13.63811884
14/10/2016;0.497;0.5345;0.485;-5.53663044
17/10/2016;0.48433333;0.53483333;0.485;-4.91068803
18/10/2016;0.627;0.6775;0.5505;-14.82647536
19/10/2016;0.68166667;0.73216667;0.6775;32.70399161
20/10/2016;0.87733333;0.92783333;0.7975;-10.73865951
21/10/2016;0.76483333;0.81533333;0.7275;-10.26409681
24/10/2016;1.02583333;1.09483333;1.0035;-10.46332954
25/10/2016;1.2145;1.2835;1.14666667;-10.90710974
26/10/2016;0.90616667;0.97516667;0.60283333;7.47798453
27/10/2016;0.95283333;1.02183333;0.75666667;-12.37003372
28/10/2016;1.05516667;1.12316667;0.89666667;-18.7716187
31/10/2016;1.21266667;1.37516667;1.23;16.77216477
01/11/2016;1.62;1.6325;1.4375;-6.8506786
02/11/2016;1.92966667;2.09216667;1.87;10.77214666
03/11/2016;1.95166667;2.11416667;1.98666667;24.30351034
04/11/2016;1.777;1.9395;1.73333333;32.44144372
07/11/2016;1.56833333;1.75166667;1.60083333;39.94136243
08/11/2016;1.3555;1.53883333;1.3925;-15.38153636
09/11/2016;1.51316667;1.6965;1.4975;-6.26093311
10/11/2016;1.56233333;1.74566667;1.5675;-0.0828227
11/11/2016;1.8255;2.00883333;1.865;44.80259195
14/11/2016;1.641;1.8925;1.655;43.06230475
15/11/2016;1.63133333;1.88283333;1.62833333;11.18677563
16/11/2016;1.52266667;1.77416667;1.555;-15.51784158
17/11/2016;1.45683333;1.70833333;1.524;-14.90979997
18/11/2016;1.59883333;1.85033333;1.59166667;-8.84815143
21/11/2016;1.00033333;1.41283333;1.28583333;45.51260109
22/11/2016;1.046;1.4585;1.21433333;9.01943631
23/11/2016;1.0675;1.48;1.28;3.99920186
24/11/2016;1.03066667;1.44316667;0.97;16.40301477
25/11/2016;1.07166667;1.48416667;1.25;31.34987791
28/11/2016;1.25783333;1.65883333;1.44083333;9.910153765
29/11/2016;1.43083333;1.78183333;1.46583333;16.79380472
30/11/2016;1.30766667;1.70866667;1.33416667;-10.74882216
01/12/2016;1.08733333;1.43833333;1.08666667;-6.67453684
02/12/2016;0.75183333;1.15283333;0.98416667;-16.91514505
06/12/2016;0.451;0.9395;0.695;13.74867087
07/12/2016;0.41416667;0.90266667;0.775;-13.16765883
08/12/2016;0.32033333;0.80883333;0.63666667;-19.65388258
09/12/2016;0.41666667;0.90516667;0.6325;9.521088957
12/12/2016;0.73933333;0.9985;0.6325;29.35680034
13/12/2016;0.62483333;0.884;0.7;42.59625348
14/12/2016;0.54733333;0.8065;0.51666667;45.68782385
15/12/2016;0.56166667;0.82083333;0.54666667;34.42399062
16/12/2016;0.63866667;0.89783333;0.68666667;7.614639439
19/12/2016;0.63983333;0.82333333;0.58;19.92522583
20/12/2016;0.599;0.7825;0.64833333;-2.2924604
21/12/2016;0.56716667;0.75066667;0.53083333;-10.41898896
22/12/2016;0.63816667;0.82166667;0.62933333;21.0700634
23/12/2016;0.776;0.9595;0.68666667;-3.33118117
27/12/2016;0.82466667;1.00816667;0.68666667;35.92430527
28/12/2016;0.99733333;1.18083333;0.94083333;-14.15677984
29/12/2016;1.10933333;1.29283333;1.03833333;42.24698391
30/12/2016;1.33266667;1.428;1.21833333;9.896711122
02/01/2017;1.04616667;1.352;1.22;28.45950427
03/01/2017;0.77983333;1.08566667;0.9825;13.6534851
04/01/2017;0.87116667;1.33483333;1.0795;-14.12095771
05/01/2017;0.94333333;1.407;1.0795;1.32834272
06/01/2017;1.04766667;1.3535;1.0795;30.60900838
09/01/2017;1.33966667;1.64383333;1.46083333;11.22959596
10/01/2017;1.69633333;2.0005;1.68433333;32.66742407
11/01/2017;2.05483333;2.359;2.19533333;32.89337013
12/01/2017;2.04183333;2.346;2.174;1.62760827
13/01/2017;1.91466667;2.21883333;2.03033333;31.56222827
16/01/2017;1.21166667;1.6245;1.51633333;-15.30638761
17/01/2017;1.33416667;1.747;1.51633333;-15.17947025
18/01/2017;1.37133333;1.78416667;1.47683333;-18.51205535
19/01/2017;1.6215;2.03433333;1.57416667;33.73473195
20/01/2017;1.9195;2.33233333;1.839;4.29718153
23/01/2017;2.24766667;2.78866667;2.61016667;11.9121488
24/01/2017;2.09433333;2.63533333;2.49;-2.94802661
25/01/2017;1.7365;2.2775;2.15416667;26.08281636
26/01/2017;1.59233333;2.13333333;2.07166667;16.46196227
27/01/2017;1.45616667;1.99716667;1.81866667;22.2754794
30/01/2017;1.96366667;2.32666667;1.92;16.54197731
31/01/2017;2.508;2.871;2.535;-3.42856167
01/02/2017;3.0735;3.4365;3.14166667;35.8293042
02/02/2017;3.29966667;3.66266667;3.43416667;18.57027787
03/02/2017;3.72966667;4.09266667;3.78316667;27.08795919
06/02/2017;3.46116667;3.91116667;3.7475;30.26446538
07/02/2017;2.86216667;3.31216667;3.37666667;23.388288
08/02/2017;1.952;2.402;2.34916667;32.38814738
09/02/2017;1.79333333;2.24333333;2.20533333;4.62688823
10/02/2017;1.377;1.827;1.83216667;36.77482815
13/02/2017;0.7915;1.3425;1.11416667;-11.6003864
14/02/2017;0.62816667;1.17916667;0.97083333;44.44690796
15/02/2017;0.735;1.286;1.12916667;15.22142368
16/02/2017;0.87;1.421;1.19583333;11.00229002
17/02/2017;0.51316667;1.06416667;0.95;45.75306139
20/02/2017;0.73733333;0.88683333;0.80783333;-16.59365353
21/02/2017;0.397;0.5465;0.51566667;-11.16830573
22/02/2017;0.35;0.4995;0.44683333;-17.06725346
23/02/2017;0.43366667;0.58316667;0.4705;12.13242392
24/02/2017;0.22316667;0.37266667;0.3225;11.33457474
27/02/2017;0.232;0.26116667;0.275;25.85407407
28/02/2017;0.26;0.28916667;0.3075;19.21674256
01/03/2017;-0.77616667;-0.83866667;-0.81216667;22.26530786
02/03/2017;-0.93066667;-0.94316667;-0.88833333;3.88519982
03/03/2017;-0.90033333;-0.96283333;-0.93116667;-11.48972807
06/03/2017;-0.91083333;-1.08483333;-0.96083333;3.97111028
07/03/2017;-0.879;-1.053;-0.929;2.75658287
08/03/2017;-0.9385;-1.1125;-0.9885;40.46919005
09/03/2017;-0.838;-1.012;-0.888;2.90051286
10/03/2017;-0.84083333;-1.01483333;-0.89083333;24.98428373
13/03/2017;-0.91583333;-1.08983333;-0.84083333;11.03694308
14/03/2017;-0.83433333;-1.00833333;-0.78083333;-15.02544964
15/03/2017;-0.85916667;-1.03316667;-0.91083333;44.9301954
16/03/2017;-0.8805;-1.0545;-0.97083333;-0.94575106
17/03/2017;-0.8745;-1.0485;-1.1425;-1.38937735
20/03/2017;-1.02233333;-1.09083333;-1.01533333;0.89530922
21/03/2017;-0.98066667;-1.04916667;-0.97366667;7.42085772
22/03/2017;-0.978;-1.0465;-0.971;18.29662046
23/03/2017;-1.01566667;-1.08416667;-1.00866667;36.21070653
24/03/2017;-1.15116667;-1.21966667;-1.14416667;3.48913751
27/03/2017;-1.17516667;-1.31366667;-1.13166667;1.27996599
28/03/2017;-1.16466667;-1.30316667;-1.12116667;0.32605208
29/03/2017;-1.144;-1.2825;-1.1005;5.65497776
30/03/2017;-1.07483333;-1.23833333;-1.06933333;3.1355853
31/03/2017;-1.15266667;-1.31616667;-1.14716667;-2.71712653
03/04/2017;-1.08883333;-1.31333333;-1.22683333;-11.395048
04/04/2017;-1.25433333;-1.22933333;-1.11683333;-22.97487681
05/04/2017;-1.22733333;-1.20233333;-1.08983333;-16.63828713
06/04/2017;-1.30883333;-1.28383333;-1.17133333;-18.84925739
07/04/2017;-1.27866667;-1.25366667;-1.14116667;-1.62138909
10/04/2017;-1.17933333;-1.42933333;-1.32983333;-20.81127433
11/04/2017;-1.23166667;-1.48166667;-1.38216667;-2.7419176
12/04/2017;-1.29616667;-1.54616667;-1.44666667;-18.20014647
13/04/2017;-1.25466667;-1.50466667;-1.40516667;-10.74293448
17/04/2017;-1.25466667;-1.50466667;-1.40516667;-2.6185537
18/04/2017;-1.24766667;-1.50916667;-1.49766667;-3.18632393
19/04/2017;-1.15216667;-1.41366667;-1.40216667;-21.36903294
20/04/2017;-1.06933333;-1.33083333;-1.31933333;-11.37406506
21/04/2017;-0.90666667;-1.16816667;-1.15666667;-13.92111929
24/04/2017;-0.79383333;-1.16883333;-1.12016667;-15.6671249
25/04/2017;-0.7875;-1.1625;-1.0235;-5.35792744
26/04/2017;-0.723;-1.098;-0.95283333;-7.75117373
27/04/2017;-0.6265;-1.0765;-0.845;-7.38707604
28/04/2017;-0.66416667;-1.03916667;-0.9175;-2.65214063
01/05/2017;-0.81366667;-1.05166667;-0.93916667;-8.83290912
02/05/2017;-0.83966667;-1.07766667;-0.96516667;31.58866008
03/05/2017;-0.884;-1.122;-1.0095;32.62822837
04/05/2017;-0.9495;-1.1875;-1.075;-1.08001889
05/05/2017;-0.96616667;-1.20416667;-1.09166667;-1.80290484
08/05/2017;-1.02766667;-1.37666667;-1.12916667;12.15806387
09/05/2017;-1.01266667;-1.36166667;-1.14233333;-11.55447962
10/05/2017;-0.949;-1.298;-1.21233333;-5.15558466
11/05/2017;-1.0185;-1.3675;-1.26666667;22.45456789
12/05/2017;-1.043;-1.392;-1.3045;6.86639517
15/05/2017;-1.05883333;-1.40933333;-1.3025;-3.10519263
16/05/2017;-1.07266667;-1.42316667;-1.27966667;8.19695924
17/05/2017;-1.04233333;-1.39283333;-1.18166667;8.066108706
18/05/2017;-1.04266667;-1.39316667;-1.24966667;14.17935504
19/05/2017;-1.14733333;-1.49783333;-1.31833333;11.66054392
22/05/2017;-1.08566667;-1.50966667;-1.36716667;6.438316591
23/05/2017;-1.102;-1.526;-1.3835;17.96130247
24/05/2017;-1.11816667;-1.54216667;-1.39966667;12.20661902
25/05/2017;-1.14983333;-1.57383333;-1.43133333;24.40305047
26/05/2017;-1.08166667;-1.50566667;-1.36316667;18.87524691
29/05/2017;-1.05466667;-1.50566667;-1.27316667;6.345596727
30/05/2017;-1.05866667;-1.52166667;-1.30316667;8.163057058
31/05/2017;-1.09433333;-1.55733333;-1.33883333;13.0642563
01/06/2017;-1.1565;-1.6195;-1.401;22.2721887
02/06/2017;-1.2155;-1.6785;-1.46;20.7878133
05/06/2017;-1.29416667;-1.72466667;-1.52466667;35.79605635
06/06/2017;-1.35933333;-1.78983333;-1.58983333;5.79954647
07/06/2017;-1.29466667;-1.72516667;-1.52516667;15.46563131
08/06/2017;-1.16966667;-1.60016667;-1.40016667;15.99747741
09/06/2017;-1.20316667;-1.63366667;-1.43366667;16.51286653
12/06/2017;-1.27616667;-1.66316667;-1.43766667;12.31009415
13/06/2017;-1.32716667;-1.71416667;-1.48866667;2.86688335
14/06/2017;-1.2355;-1.6595;-1.517;6.649412011
15/06/2017;-1.13733333;-1.66233333;-1.38183333;12.65417065
16/06/2017;-1.18366667;-1.60766667;-1.46516667;9.631586974
19/06/2017;-1.17966667;-1.55166667;-1.30016667;-3.84629606
20/06/2017;-1.132;-1.504;-1.18783333;1.53124398
21/06/2017;-1.11466667;-1.48666667;-1.32816667;-10.45723117
22/06/2017;-1.12733333;-1.49933333;-1.25283333;15.75455381
23/06/2017;-1.13983333;-1.51183333;-1.34866667;15.08209736
26/06/2017;-1.18583333;-1.43933333;-1.27033333;-10.5856163
27/06/2017;-1.0885;-1.342;-1.27033333;-3.30434075
28/06/2017;-1.06783333;-1.32133333;-1.15233333;6.24262485
29/06/2017;-1.11233333;-1.40183333;-1.24583333;14.07189242
30/06/2017;-1.10533333;-1.39483333;-1.23883333;25.88039876
03/07/2017;-0.98083333;-1.37916667;-1.294;9.43983703
04/07/2017;-1.30766667;-1.41433333;-1.3645;11.66345433
05/07/2017;-1.25616667;-1.35816667;-1.39;20.29556777
06/07/2017;-1.09633333;-1.39466667;-1.46033333;23.14804585
07/07/2017;-0.95166667;-1.40983333;-1.26383333;23.53472958
10/07/2017;-1.03066667;-1.43083333;-1.3235;41.01613351
11/07/2017;-1.03383333;-1.434;-1.32666667;5.531878575
12/07/2017;-1.03666667;-1.43683333;-1.3295;1.51217909
13/07/2017;-1.10566667;-1.50583333;-1.3985;16.79205414
14/07/2017;-1.22716667;-1.62733333;-1.52;16.20837242
17/07/2017;-1.42833333;-1.59583333;-1.56433333;18.96376596
18/07/2017;-1.39583333;-1.56333333;-1.53183333;18.95010073
19/07/2017;-1.37133333;-1.53883333;-1.50733333;18.39946809
20/07/2017;-1.237;-1.4045;-1.373;29.8647325
21/07/2017;-1.09866667;-1.26616667;-1.23466667;28.97325224
24/07/2017;-1.09283333;-1.24366667;-1.33033333;14.72238778
25/07/2017;-1.07383333;-1.22466667;-1.31133333;9.975805919
26/07/2017;-0.96616667;-1.117;-1.20366667;26.43335878
27/07/2017;-1.013;-1.16383333;-1.2505;32.28118028
28/07/2017;-0.91166667;-1.2245;-1.1915;31.01492812
31/07/2017;-1.13033333;-1.27216667;-1.3015;9.189112996
01/08/2017;-1.22133333;-1.36316667;-1.3925;5.41851119
02/08/2017;-1.15633333;-1.29816667;-1.3275;21.67568239
03/08/2017;-1.22;-1.36183333;-1.29216667;32.9636062
04/08/2017;-1.1885;-1.33033333;-1.35966667;34.73896481
07/08/2017;-0.978;-1.15;-1.18516667;8.660340877
08/08/2017;-1.033;-1.205;-1.20983333;14.35342381
09/08/2017;-0.943;-1.115;-1.11983333;7.225827086
10/08/2017;-0.88483333;-1.05683333;-1.06166667;24.34297553
11/08/2017;-0.79133333;-0.96333333;-0.96816667;26.79330216
14/08/2017;-0.78733333;-0.97416667;-0.98016667;18.87070441
15/08/2017;-0.80216667;-0.989;-0.995;21.92939392
16/08/2017;-0.595;-0.78183333;-0.78783333;19.7321667
17/08/2017;-0.5765;-0.76333333;-0.76933333;18.75614212
18/08/2017;-0.57316667;-0.76;-0.76516667;23.62693262
21/08/2017;-0.58116667;-0.66266667;-0.73516667;11.75178007
22/08/2017;-0.55783333;-0.63933333;-0.71183333;13.05987819
23/08/2017;-0.50833333;-0.58983333;-0.66233333;17.24067729
24/08/2017;-0.514;-0.5955;-0.668;21.12288584
25/08/2017;-0.5675;-0.649;-0.7215;23.70429995
28/08/2017;-0.56083333;-0.69833333;-0.86533333;9.733077355
29/08/2017;-0.42666667;-0.56416667;-0.74016667;8.494360112
30/08/2017;-0.55683333;-0.56933333;-0.66666667;-0.42179807
31/08/2017;-0.57266667;-0.58516667;-0.672;7.489449589
01/09/2017;0.55683333;0.78133333;0.70433333;2.8802275
04/09/2017;0.51966667;0.75716667;0.64266667;26.76463951
05/09/2017;0.41016667;0.78566667;0.51616667;-2.21477954
06/09/2017;0.24416667;0.61966667;0.35016667;2.14773126
07/09/2017;0.335;0.5725;0.466;-6.59063154
08/09/2017;0.21866667;0.45616667;0.34966667;14.78229224
11/09/2017;0.36916667;0.59416667;0.50616667;1.29871497
12/09/2017;0.41316667;0.63816667;0.55016667;17.16190467
13/09/2017;0.47416667;0.69916667;0.61116667;-1.88902981
14/09/2017;0.661;0.886;0.798;-4.40854757
15/09/2017;0.568;0.793;0.705;-2.69073922
18/09/2017;0.40466667;0.78016667;0.55516667;-6.57774851
19/09/2017;0.3905;0.753;0.514;-5.24524983
20/09/2017;0.31766667;0.58016667;0.35516667;-9.02984202
21/09/2017;0.13916667;0.50166667;0.27666667;0.72582591
22/09/2017;0.12416667;0.48666667;0.26166667;5.0300677
25/09/2017;0.50066667;0.83916667;0.71366667;-9.56052729
26/09/2017;0.5095;0.848;0.75616667;-6.13499254
27/09/2017;0.88066667;0.96916667;0.85866667;-3.75959753
28/09/2017;1.05516667;1.48066667;1.33016667;24.47840195
29/09/2017;0.99033333;1.25983333;1.20333333;26.50312486
02/10/2017;1.59216667;1.38616667;1.28533333;1.24130996
03/10/2017;1.32133333;1.50833333;1.30683333;-12.53111358
04/10/2017;1.68933333;1.58933333;1.503;-18.36374122
05/10/2017;1.849;1.643;1.5215;-8.61365423
06/10/2017;1.90916667;1.70316667;1.65316667;27.70509984
09/10/2017;1.51883333;1.86933333;1.6545;-10.61566312
10/10/2017;1.33833333;1.68883333;1.51316667;4.039981
11/10/2017;1.2475;1.598;1.47283333;5.53257984
12/10/2017;1.0425;1.393;1.2645;25.13698196
13/10/2017;0.95983333;1.31033333;1.21083333;24.08758595
16/10/2017;1.16333333;1.38233333;1.23833333;-10.02065521
17/10/2017;1.15233333;1.37133333;1.22733333;-3.20440277
18/10/2017;1.26266667;1.48166667;1.33766667;2.97968096
19/10/2017;1.261;1.48;1.395;1.9490534
20/10/2017;1.12333333;1.34233333;1.19833333;2.85229036
23/10/2017;1.24316667;1.36816667;1.24316667;-6.46208687
24/10/2017;1.124;1.249;1.124;-12.38903044
25/10/2017;1.08483333;1.20983333;1.10083333;-6.58175045
26/10/2017;0.99466667;1.11966667;1.02466667;-5.3810473
27/10/2017;0.7375;0.9565;0.8925;0.28182221
30/10/2017;1.07966667;1.30516667;1.19216667;1.51124947
31/10/2017;1.15633333;1.38183333;1.32083333;22.91425311
01/11/2017;1.2875;1.513;1.4;37.5073254
02/11/2017;1.67383333;1.69933333;1.62433333;8.22730031
03/11/2017;1.41016667;1.63566667;1.52266667;23.89524288
06/11/2017;1.65483333;1.90433333;1.7265;42.51300861
07/11/2017;1.7575;2.007;1.80983333;-15.53904702
08/11/2017;1.73833333;1.98783333;1.88833333;-2.91271769
09/11/2017;1.75383333;2.00333333;1.89633333;24.19347147
10/11/2017;1.74066667;1.99016667;1.83666667;31.42669962
13/11/2017;1.725;2.099;1.938;1.43541573
14/11/2017;1.5735;1.9475;1.7865;5.45210154
15/11/2017;1.40233333;1.77633333;1.61533333;0.40069064
16/11/2017;1.50833333;1.88233333;1.72133333;41.05807809
17/11/2017;1.30733333;1.68133333;1.52033333;16.52123861
20/11/2017;1.63783333;1.98733333;1.70083333;8.77490557
21/11/2017;1.78833333;2.13783333;1.90033333;10.22717397
22/11/2017;1.7475;2.097;1.8595;-22.78736582
23/11/2017;1.9655;2.315;2.0775;14.42667402
24/11/2017;2.36916667;2.71866667;2.48116667;37.78331972
27/11/2017;2.58483333;2.95883333;2.71633333;21.14782484
28/11/2017;2.45416667;2.82816667;2.58566667;-20.77480587
29/11/2017;2.40283333;2.78983333;2.59633333;12.02177369
30/11/2017;2.423;2.797;2.5545;25.38247035
01/12/2017;2.87583333;3.26283333;3.06933333;-20.31441833
04/12/2017;3.315;3.719;3.47133333;31.98209642
05/12/2017;3.47183333;3.87583333;3.62816667;-11.09859707
06/12/2017;3.49133333;3.89533333;3.64766667;-12.73184043
07/12/2017;3.71183333;4.11583333;3.86816667;8.72774536
08/12/2017;3.39416667;3.79816667;3.5505;1.28366066
11/12/2017;2.91866667;3.48166667;3.16866667;38.93927509
12/12/2017;3.584;4.147;3.834;25.83154988
13/12/2017;2.95683333;3.41933333;3.16333333;10.33340246
14/12/2017;3.236;3.6985;3.4425;45.48501147
15/12/2017;3.01966667;3.48216667;3.20666667;-3.35464201
18/12/2017;2.31483333;2.97083333;2.61483333;2.90924229
19/12/2017;1.96266667;2.61866667;2.26266667;45.33407065
20/12/2017;2.035;2.691;2.335;42.95952858
21/12/2017;1.76233333;2.41833333;2.06233333;44.27939097
22/12/2017;1.47916667;2.13516667;1.77916667;25.11553635
26/12/2017;1.47916667;2.13516667;1.77916667;14.45420636
27/12/2017;1.47916667;1.73583333;1.4225;-2.09624182
28/12/2017;1.453;2.05516667;1.7385;34.06097853
29/12/2017;1.38166667;1.99833333;1.72416667;41.33639879
02/01/2018;2.9035;1.87583333;3.01716667;19.99806504
03/01/2018;1.45016667;1.7575;1.7365;44.58032742
04/01/2018;1.23766667;1.64783333;1.6495;9.57366572
05/01/2018;0.96633333;1.47533333;1.16116667;-5.25046205
08/01/2018;1.08383333;1.488;1.30416667;28.63190518
09/01/2018;1.2775;1.68166667;1.3105;8.25293958
10/01/2018;1.14633333;1.5505;1.19616667;30.13040288
11/01/2018;1.20066667;1.60483333;1.31116667;-19.36395938
12/01/2018;1.635;2.03916667;1.63233333;45.1225755
15/01/2018;1.10833333;1.64233333;1.25783333;17.74484936
16/01/2018;1.1325;1.6665;1.25216667;41.23747212
17/01/2018;0.8225;1.3565;0.92083333;-3.26451143
18/01/2018;0.61766667;1.15166667;0.747;2.34845179
19/01/2018;0.54133333;1.07533333;0.64833333;14.53754705
22/01/2018;1.029;1.329;1.0405;24.87017741
23/01/2018;0.84133333;1.19133333;0.85833333;28.74056793
24/01/2018;0.69383333;1.04383333;0.68233333;-10.69918313
25/01/2018;0.662;1.012;0.6365;-15.23726949
26/01/2018;0.87766667;1.22766667;0.894;40.06599792
29/01/2018;0.73066667;1.0095;0.6245;-5.8925814
30/01/2018;0.667;0.93383333;0.61216667;9.272479656
31/01/2018;0.92716667;1.17466667;0.887;5.64775197
01/02/2018;1.22983333;1.49666667;1.20383333;-12.51841675
02/02/2018;1.30366667;1.55116667;1.1625;20.60492551
05/02/2018;0.92283333;1.32133333;0.82816667;8.77286446
06/02/2018;0.99483333;1.39333333;0.86666667;7.682569904
07/02/2018;1.21166667;1.61016667;1.1345;-9.19546203
08/02/2018;1.03;1.4285;0.96383333;37.86508693
09/02/2018;1.09066667;1.48916667;1.00816667;6.13369249
12/02/2018;0.9095;1.5025;1.0525;31.35758852
13/02/2018;1.1295;1.7225;1.2725;17.38644958
14/02/2018;0.95583333;1.54883333;1.09883333;-5.43315728
15/02/2018;0.7295;1.3225;0.97033333;7.44214186
16/02/2018;0.9655;1.5585;1.1235;41.67198292
19/02/2018;1.6495;2.10266667;1.69983333;-3.938549
20/02/2018;1.97983333;2.61783333;2.215;42.64127282
21/02/2018;1.846;2.60016667;2.11616667;29.48830393
22/02/2018;1.99933333;2.76883333;2.2175;3.40275071
23/02/2018;2.75;3.49183333;3.147;-20.5605657
26/02/2018;0.78666667;1.75666667;1.10666667;-3.97932749
27/02/2018;0.33566667;0.625;0.50433333;10.60157982
28/02/2018;0.21766667;0.58866667;0.54733333;36.09685486
01/03/2018;-0.14116667;-0.29266667;-0.17816667;19.05375288
02/03/2018;-0.2155;-0.14066667;-0.2055;-4.66392936
05/03/2018;-0.52733333;-0.5175;-0.45283333;14.84464173
06/03/2018;-0.35866667;-0.40166667;-0.35216667;-17.22115777
07/03/2018;-0.32183333;-0.39733333;-0.30716667;6.782713511
08/03/2018;-0.143;-0.20983333;-0.21183333;5.81423577
09/03/2018;0.1795;0.17083333;0.16783333;23.12694976
12/03/2018;0.7255;0.81516667;0.8625;22.58397547
13/03/2018;0.70433333;0.73533333;0.66616667;-4.69002342
14/03/2018;-0.12816667;-0.10316667;-0.26816667;-6.90602859
15/03/2018;0.13183333;0.16783333;0.03416667;-11.03613382
16/03/2018;-0.12066667;0.01166667;-0.18683333;20.9804591
19/03/2018;-0.003;0.04533333;-0.10916667;9.122767834
20/03/2018;0.191;0.206;0.113;-5.08574907
21/03/2018;0.12916667;0.19283333;0.08066667;-19.62345184
22/03/2018;-0.11683333;-0.06983333;-0.20783333;27.4777692
23/03/2018;-0.49016667;-0.43316667;-0.55716667;9.824440697
26/03/2018;-0.6785;-0.727;-0.8565;36.79662517
27/03/2018;-0.426;-0.5385;-0.524;-9.3424252
28/03/2018;-0.547;-0.8595;-0.71;20.36201905
29/03/2018;-0.51883333;-0.81016667;-0.672;26.43474132
02/04/2018;-0.51883333;-0.81016667;-0.672;-0.17048948
03/04/2018;-0.73066667;-0.9085;-0.7575;21.30357071
04/04/2018;-0.66183333;-0.74933333;-0.61133333;-6.4203702
05/04/2018;-0.63516667;-0.76016667;-0.66016667;7.56760612
06/04/2018;-0.64333333;-0.834;-0.72016667;13.45036584
09/04/2018;-0.614;-0.66233333;-0.67583333;3.78842508
10/04/2018;-0.519;-0.59633333;-0.52666667;0.93883307
11/04/2018;-0.68466667;-0.64083333;-0.66416667;44.24812225
12/04/2018;-0.773;-0.74166667;-0.65016667;-8.0197474
13/04/2018;-0.7235;-0.7055;-0.70433333;-0.36055314
16/04/2018;-0.75866667;-0.70766667;-0.74033333;9.656808624
17/04/2018;-0.71283333;-0.67633333;-0.7125;18.06681527
18/04/2018;-0.64566667;-0.606;-0.636;11.5469322
19/04/2018;-0.53366667;-0.6255;-0.62983333;22.77699273
20/04/2018;-0.54083333;-0.6275;-0.6195;22.12927473
23/04/2018;-0.665;-0.67616667;-0.62066667;23.51418728
24/04/2018;-0.68133333;-0.7465;-0.7535;19.5411394
25/04/2018;-0.57066667;-0.674;-0.6155;-5.43566398
26/04/2018;-0.68616667;-0.791;-0.706;13.1530395
27/04/2018;-0.74283333;-0.882;-0.8525;24.41732371
30/04/2018;-0.672;-0.78933333;-0.6965;-3.65740181
01/05/2018;-0.6705;-0.8645;-0.8025;15.52306411
02/05/2018;-0.6475;-0.8225;-0.74133333;7.10324502
03/05/2018;-0.6855;-0.834;-0.78916667;22.63283187
04/05/2018;-0.71766667;-0.81833333;-0.75833333;19.6145449
07/05/2018;-0.73916667;-0.86033333;-0.85466667;28.15761911
08/05/2018;-0.60683333;-0.75633333;-0.70033333;-0.83989888
09/05/2018;-0.7725;-0.91533333;-0.80766667;36.22901512
10/05/2018;-0.84883333;-0.96733333;-0.94416667;44.7050079
11/05/2018;-0.86666667;-1.0395;-1.02333333;45.38675875
14/05/2018;-0.85316667;-1.0025;-0.9615;16.36500117
15/05/2018;-0.8855;-1.00483333;-0.9505;19.14256533
16/05/2018;-0.974;-1.094;-1.14566667;14.07323079
17/05/2018;-0.856;-1.025;-0.98666667;15.49896487
18/05/2018;-0.809;-1.009;-0.95966667;21.65004434
21/05/2018;-0.87216667;-1.03416667;-1.00916667;25.7113134
22/05/2018;-0.76083333;-0.92283333;-0.89783333;15.59916606
23/05/2018;-0.853;-1.015;-0.99;22.81825832
24/05/2018;-0.675;-0.96;-0.9125;27.69638945
25/05/2018;-0.73116667;-1.01816667;-0.95616667;30.97464828
28/05/2018;-0.83566667;-1.03766667;-1.10766667;18.90999379
29/05/2018;-0.542;-0.74933333;-0.81283333;7.68271396
30/05/2018;-0.52733333;-0.7395;-0.62116667;6.89559621
31/05/2018;-0.4315;-0.685;-0.63483333;14.77277907
01/06/2018;-0.55416667;-0.783;-0.6815;38.16101455
04/06/2018;-0.44633333;-0.67866667;-0.5455;18.02888129
05/06/2018;-0.58233333;-0.71383333;-0.689;-3.52934923
06/06/2018;-0.4975;-0.6975;-0.67266667;5.80772084
07/06/2018;-0.45166667;-0.67016667;-0.59483333;6.84842298
08/06/2018;-0.55466667;-0.74216667;-0.65433333;12.87991116
11/06/2018;-0.50416667;-0.75416667;-0.71083333;16.42733777
12/06/2018;-0.56666667;-0.74816667;-0.71533333;11.79425993
13/06/2018;-0.48116667;-0.66866667;-0.57466667;12.68158956
14/06/2018;-0.483;-0.61333333;-0.49666667;14.92576453
15/06/2018;-0.4985;-0.6195;-0.53816667;10.76512053
18/06/2018;-0.41633333;-0.60483333;-0.57466667;1.23113321
19/06/2018;-0.41083333;-0.64366667;-0.583;7.40794575
20/06/2018;-0.41866667;-0.571;-0.53066667;4.13091399
21/06/2018;-0.30766667;-0.53216667;-0.51266667;3.23216666
22/06/2018;-0.49583333;-0.60133333;-0.59816667;0.24080196
25/06/2018;-0.45916667;-0.59833333;-0.54516667;7.7002076
26/06/2018;-0.39083333;-0.66633333;-0.60883333;11.31700897
27/06/2018;-0.553;-0.77416667;-0.69283333;18.70299311
28/06/2018;-0.69566667;-0.87666667;-0.83866667;20.50356287
29/06/2018;-0.57016667;-0.8785;-0.79116667;33.50579002
02/07/2018;-0.57766667;-0.80433333;-0.83816667;7.71060998
03/07/2018;-0.55516667;-0.6865;-0.60466667;16.64349991
04/07/2018;-0.417;-0.617;-0.53466667;-1.52047449
05/07/2018;-0.4645;-0.627;-0.56416667;26.6443912
06/07/2018;-0.4135;-0.61316667;-0.557;24.70902363
09/07/2018;-0.40683333;-0.57333333;-0.57066667;-2.32763466
10/07/2018;-0.49366667;-0.64733333;-0.63683333;16.19385576
11/07/2018;-0.46116667;-0.63166667;-0.6385;2.54764741
12/07/2018;-0.42433333;-0.6;-0.60533333;25.31287664
13/07/2018;-0.46383333;-0.62933333;-0.63366667;27.53917684
16/07/2018;-0.39916667;-0.538;-0.60483333;4.60909459
17/07/2018;-0.45583333;-0.60533333;-0.63;12.26013539
18/07/2018;-0.49633333;-0.60366667;-0.66483333;-6.42378757
19/07/2018;-0.51666667;-0.63616667;-0.70583333;-6.01032062
20/07/2018;-0.51216667;-0.634;-0.62483333;-2.57623584
23/07/2018;-0.43683333;-0.64533333;-0.628;1.22137332
24/07/2018;-0.55633333;-0.6635;-0.7315;-15.11554829
25/07/2018;-0.50166667;-0.665;-0.81216667;-4.25579823
26/07/2018;-0.51666667;-0.73066667;-0.718;-2.9404505
27/07/2018;-0.65816667;-0.86766667;-0.91766667;-2.38150871
30/07/2018;-0.49116667;-0.69166667;-0.68266667;13.07018931
31/07/2018;-0.409;-0.62433333;-0.58366667;9.40561735
01/08/2018;-0.436;-0.677;-0.68783333;15.8822547
02/08/2018;-0.46216667;-0.6655;-0.65433333;23.3866142
03/08/2018;-0.50233333;-0.68116667;-0.6145;21.93466776
06/08/2018;-0.51916667;-0.6495;-0.61783333;14.45834326
07/08/2018;-0.5115;-0.65533333;-0.71233333;15.95175216
08/08/2018;-0.51833333;-0.65416667;-0.73716667;21.92730141
09/08/2018;-0.5165;-0.68516667;-0.7185;15.06139595
10/08/2018;-0.6075;-0.73566667;-0.7795;25.17843786
13/08/2018;-0.55866667;-0.65683333;-0.76566667;17.04462406
14/08/2018;-0.55433333;-0.69683333;-0.71533333;13.55295313
15/08/2018;-0.56266667;-0.67466667;-0.689;19.84099869
16/08/2018;-0.50716667;-0.63;-0.64383333;29.82334903
17/08/2018;-0.6455;-0.63833333;-0.67816667;35.69929447
20/08/2018;-0.589;-0.6725;-0.74433333;-4.02842026
21/08/2018;-0.59916667;-0.65933333;-0.692;-5.23020911
22/08/2018;-0.58066667;-0.674;-0.69316667;-0.0204295
23/08/2018;-0.69766667;-0.67416667;-0.73066667;11.78105174
24/08/2018;-0.58483333;-0.68033333;-0.74233333;6.1479971
27/08/2018;-0.542;-0.68733333;-0.74666667;-4.67904442
28/08/2018;-0.52666667;-0.61833333;-0.6735;-9.24304784
29/08/2018;-0.43466667;-0.52066667;-0.60516667;-10.78272244
30/08/2018;-0.24666667;-0.3145;-0.34883333;-0.84647953
31/08/2018;-0.23283333;-0.35866667;-0.35033333;5.18726416
03/09/2018;3.68316667;3.79383333;3.68916667;-16.42660163
04/09/2018;3.64283333;3.83983333;3.7365;-12.05879938
05/09/2018;3.777;4.0075;3.92683333;-12.90972419
06/09/2018;3.88416667;4.18466667;3.98466667;2.73526172
07/09/2018;4.1515;4.35666667;4.12516667;2.5949389
10/09/2018;4.34783333;4.50016667;4.27566667;6.49633521
11/09/2018;4.05216667;4.33966667;4.07266667;-0.03035294
12/09/2018;3.3375;3.7375;3.4875;-19.39061607
13/09/2018;3.222;3.5845;3.36;11.75308188
14/09/2018;3.339;3.7645;3.515;17.39220852
17/09/2018;3.72933333;4.24183333;3.99133333;0.51730856
18/09/2018;3.3835;3.758;3.4705;3.1881585
19/09/2018;3.72;4.1135;3.876;2.93602652
20/09/2018;3.8245;4.2495;3.962;-4.82135516
21/09/2018;3.7475;4.2095;3.922;2.52098149
24/09/2018;3.82516667;4.32916667;3.93116667;-15.86953847
25/09/2018;3.8585;4.2465;4.059;-7.85201889
26/09/2018;3.584;3.8475;3.612;-5.7104277
27/09/2018;3.64383333;3.93066667;3.62966667;-17.33656831
28/09/2018;3.1205;3.43133333;3.2595;-12.07819225
01/10/2018;2.68966667;2.82716667;2.66166667;-19.14358805
02/10/2018;2.501;2.81716667;2.62516667;10.57829251
03/10/2018;2.19483333;2.4905;2.353;1.58876172
04/10/2018;2.05583333;2.391;2.19516667;15.29525571
05/10/2018;2.22083333;2.60783333;2.41983333;3.91906697
08/10/2018;2.1215;2.383;2.20366667;-3.50983137
09/10/2018;2.12916667;2.417;2.3195;6.79913125
10/10/2018;2.15033333;2.4475;2.26716667;21.14765875
11/10/2018;2.07716667;2.5045;2.373;29.75932885
12/10/2018;2.46066667;2.73616667;2.598;27.80150012
15/10/2018;2.40566667;2.66416667;2.587;4.9226716
16/10/2018;2.25366667;2.56666667;2.359;10.09842231
17/10/2018;2.08516667;2.41016667;2.291;10.74822511
18/10/2018;2.253;2.578;2.399;8.88844167
19/10/2018;2.42383333;2.74883333;2.625;16.38344791
22/10/2018;2.10783333;2.40716667;2.27333333;-2.54004102
23/10/2018;1.77316667;2.08716667;2.00216667;-17.00020775
24/10/2018;1.7005;1.94016667;1.87166667;-11.57507738
25/10/2018;1.50416667;1.68566667;1.648;-17.04732935
26/10/2018;1.5595;1.69083333;1.78916667;-16.33344054
29/10/2018;1.7045;1.68683333;1.84933333;23.84404057
30/10/2018;1.84883333;2.019;2.02783333;-16.96921644
31/10/2018;1.99633333;2.04366667;2.024;-17.63417457
01/11/2018;2.13266667;2.118;2.12416667;-11.0799661
02/11/2018;2.0945;2.292;2.21483333;-21.67680345
05/11/2018;1.8005;2.008;1.955;17.19487568
06/11/2018;1.93833333;2.06766667;2.05916667;-12.27249201
07/11/2018;2.00383333;2.22183333;2.19333333;30.91633408
08/11/2018;2.05116667;2.42466667;2.359;15.05777126
09/11/2018;2.131;2.339;2.28483333;7.26125613
12/11/2018;2.76466667;2.9885;2.83466667;-10.91384845
13/11/2018;3.38966667;3.52466667;3.39983333;-18.40784221
14/11/2018;3.64583333;3.733;3.61866667;-7.56452145
15/11/2018;3.78766667;3.9775;3.85933333;1.8325479
16/11/2018;3.5195;3.6295;3.46966667;-8.98748968
19/11/2018;2.33333333;2.4935;2.42016667;19.22213593
20/11/2018;2.6085;2.7075;2.45383333;31.63228252
21/11/2018;2.83216667;3.0405;2.959;5.45501882
22/11/2018;3.023;3.085;3.13166667;32.76610226
23/11/2018;3.30466667;3.57266667;3.49466667;37.66627544
26/11/2018;3.08533333;3.161;3.3245;-5.66828714
27/11/2018;3.288;3.24083333;3.40133333;25.26682369
28/11/2018;2.86816667;2.89916667;3.04016667;-9.83949696
29/11/2018;3.22883333;3.33466667;3.3725;7.78557675
30/11/2018;3.03483333;3.12216667;3.13433333;-16.23874737
03/12/2018;3.21066667;3.37866667;3.29033333;1.52417803
04/12/2018;2.59616667;2.83366667;2.79733333;13.51766434
05/12/2018;2.30583333;2.54283333;2.44333333;29.57814518
06/12/2018;1.72583333;2.06333333;1.99933333;-9.58679609
07/12/2018;1.6595;1.865;1.80366667;34.80406833
10/12/2018;1.6805;1.92633333;1.84383333;-2.57195413
11/12/2018;1.832;2.107;2.02733333;18.36905499
12/12/2018;1.77766667;2.03366667;2.00833333;11.19544847
13/12/2018;1.85233333;2.10833333;2.08616667;45.91938288
14/12/2018;1.8855;2.1355;2.10316667;32.83411339
17/12/2018;1.8165;2.123;2.08266667;33.64497642
18/12/2018;1.48716667;1.69366667;1.60216667;44.77473958
19/12/2018;1.645;1.8825;1.7445;13.91848332
20/12/2018;2.0585;2.2775;2.146;18.8604245
21/12/2018;2.475;2.7465;2.60133333;-9.64894446
24/12/2018;2.413;2.6125;2.44566667;27.33679913
26/12/2018;2.413;2.6125;2.44566667;-19.8267421
27/12/2018;1.93733333;2.16883333;1.9565;-0.9289934
28/12/2018;1.759;2.028;1.9145;7.32940561
31/12/2018;1.44783333;1.59183333;1.56633333;-13.75871282
02/01/2019;1.66983333;1.95083333;1.86033333;42.80063169
03/01/2019;1.66433333;1.92716667;1.86033333;33.80285593
04/01/2019;1.884;2.146;1.98816667;3.24124201
07/01/2019;1.18616667;1.43616667;1.33383333;13.28869914
08/01/2019;1.37316667;1.61033333;1.50866667;38.27616886
09/01/2019;1.37666667;1.60933333;1.584;45.64799081
10/01/2019;1.42816667;1.6035;1.56566667;27.95444738
11/01/2019;1.59783333;1.798;1.7235;5.75587598
14/01/2019;1.28516667;1.57833333;1.50983333;-1.02807193
15/01/2019;1.24966667;1.54333333;1.46866667;23.50113678
16/01/2019;1.06166667;1.40583333;1.33116667;30.77167637
17/01/2019;1.21716667;1.46666667;1.37466667;41.01145299
18/01/2019;0.902;1.19833333;1.13716667;22.32134761
21/01/2019;0.56683333;0.8295;0.80666667;24.78767676
22/01/2019;0.69833333;0.85416667;0.86366667;19.8031514
23/01/2019;0.7565;0.94416667;0.96016667;43.8233929
24/01/2019;0.51866667;0.74366667;0.825;0.43861002
25/01/2019;0.38183333;0.588;0.64683333;-16.33209654
28/01/2019;0.34566667;0.52716667;0.6135;38.85391625
29/01/2019;0.28133333;0.46266667;0.53216667;-3.77230984
30/01/2019;0.35133333;0.45083333;0.563;23.24312264
31/01/2019;0.29633333;0.4085;0.3615;-7.66125974
01/02/2019;0.17616667;0.25083333;0.293;43.9564546
04/02/2019;0.25083333;0.3385;0.3755;-19.84891531
05/02/2019;0.317;0.3165;0.33916667;23.44697774
06/02/2019;0.25083333;0.28183333;0.23766667;2.69246594
07/02/2019;0.20516667;0.349;0.204;9.83533444
08/02/2019;-0.06333333;0.224;0.126;2.04977585
11/02/2019;-0.1055;0.09433333;0.03;-15.57152239
12/02/2019;-0.12033333;0.08;-0.03633333;-21.85132199
13/02/2019;-0.1545;0.02066667;-0.09866667;-2.5875062
14/02/2019;-0.219;-0.0435;-0.09283333;37.94392491
15/02/2019;-0.12216667;-0.028;-0.0985;6.63675342
18/02/2019;-0.2975;-0.20333333;-0.27383333;35.39934114
19/02/2019;-0.35233333;-0.25816667;-0.32866667;-15.20292293
20/02/2019;-0.30533333;-0.24133333;-0.17333333;-17.82481835
21/02/2019;-0.45733333;-0.39333333;-0.43983333;31.0724297
22/02/2019;-0.49383333;-0.42983333;-0.32633333;35.92589823
25/02/2019;-0.55383333;-0.48983333;-0.3985;-11.10274978
26/02/2019;-0.48216667;-0.41816667;-0.33533333;-9.88885591
27/02/2019;-0.22816667;-0.259;-0.26566667;-11.9570959
28/02/2019;-0.29283333;-0.28583333;-0.28166667;-8.86839559
01/03/2019;-4.03233333;-3.99033333;-3.98033333;-16.50454471
04/03/2019;-4.05116667;-4.00833333;-3.97233333;-8.52758966
05/03/2019;-4.00333333;-3.96683333;-3.90633333;-5.89431288
06/03/2019;-3.93366667;-3.96583333;-3.85566667;-8.14649329
07/03/2019;-4.03816667;-3.99366667;-3.9215;-10.06248617
08/03/2019;-4.00033333;-3.94533333;-3.93466667;-19.70025929
11/03/2019;-3.72666667;-3.75166667;-3.65683333;27.25300906
12/03/2019;-3.7685;-3.8685;-3.7515;-5.15748982
13/03/2019;-3.98716667;-3.99966667;-3.92966667;-9.76079354
14/03/2019;-3.82033333;-3.89533333;-3.73233333;-10.56125161
15/03/2019;-3.58616667;-3.68016667;-3.52616667;-3.14051515
18/03/2019;-3.66516667;-3.63366667;-3.47116667;-12.58103404
19/03/2019;-3.56983333;-3.56383333;-3.37683333;-6.14989951
20/03/2019;-3.6895;-3.6895;-3.4935;-8.12647908
21/03/2019;-4.08416667;-4.02166667;-3.78833333;-0.56465116
22/03/2019;-4.23983333;-4.15833333;-3.956;-20.86358081
25/03/2019;-4.22466667;-4.16216667;-3.96783333;-6.05858843
26/03/2019;-4.177;-4.165;-3.99033333;-12.15227069
27/03/2019;-3.9305;-3.9935;-3.8485;-5.11843979
28/03/2019;-4.37716667;-4.3185;-4.19266667;-1.13027779
29/03/2019;-4.5375;-4.51833333;-4.38966667;2.58652884
01/04/2019;-4.55483333;-4.77333333;-4.65833333;1.52822632
02/04/2019;-5.12966667;-5.02966667;-4.99016667;0.1177118
03/04/2019;-4.91066667;-4.82316667;-4.76666667;37.50595874
04/04/2019;-5.147;-4.9655;-4.8845;4.27520259
05/04/2019;-4.54616667;-4.48366667;-4.44016667;-18.95096652
08/04/2019;-5.128;-4.9775;-4.9395;11.56287576
09/04/2019;-5.22883333;-4.98533333;-5.01633333;-3.19040954
10/04/2019;-5.67416667;-5.66216667;-5.71833333;27.62913826
11/04/2019;-5.57183333;-5.49083333;-5.47566667;22.12918703
12/04/2019;-5.79183333;-5.69133333;-5.62933333;26.74146591
15/04/2019;-6.12066667;-6.02116667;-6.02066667;9.325366175
16/04/2019;-6.13016667;-5.93066667;-5.95883333;12.74356778
17/04/2019;-6.0745;-5.9875;-5.9745;25.63949114
18/04/2019;-6.231;-6.281;-6.2495;24.29459122
22/04/2019;-6.231;-6.281;-6.2495;21.35467389
23/04/2019;-6.60433333;-6.486;-6.383;7.493631546
24/04/2019;-6.58466667;-6.59983333;-6.5775;6.591293363
25/04/2019;-6.60183333;-6.535;-6.48283333;9.090873864
26/04/2019;-6.4665;-6.43383333;-6.3415;2.70158211
29/04/2019;-6.28666667;-6.3705;-6.252;12.48816149
30/04/2019;-6.2045;-6.03233333;-6.14116667;4.03057718
01/05/2019;-5.9775;-5.85933333;-5.77666667;44.37950561
02/05/2019;-5.38;-5.30366667;-5.34916667;3.86656336
03/05/2019;-5.87583333;-5.83216667;-5.68416667;-1.98624365
06/05/2019;-6.1725;-6.065;-5.98166667;3.85740865
07/05/2019;-6.40833333;-6.28966667;-6.21416667;-9.95824177
08/05/2019;-6.16333333;-6.067;-6.08333333;-0.46275416
09/05/2019;-5.90583333;-5.79783333;-5.8225;-8.48817017
10/05/2019;-5.9;-5.86866667;-5.82916667;11.59547357
13/05/2019;-6.1375;-6.072;-6.02583333;-9.75587369
14/05/2019;-6.3625;-6.27333333;-6.2325;-1.36055005
15/05/2019;-6.5125;-6.485;-6.4425;-8.72240365
16/05/2019;-6.70166667;-6.61333333;-6.60583333;10.77766358
17/05/2019;-6.77583333;-6.74433333;-6.87833333;20.1194105
20/05/2019;-6.7775;-6.68466667;-6.73166667;7.941673986
21/05/2019;-6.87416667;-6.76516667;-6.75666667;1.68090496
22/05/2019;-7.13;-7.02866667;-6.99;11.39284926
23/05/2019;-7.26333333;-7.08516667;-7.08;9.314154816
24/05/2019;-7.295;-7.13583333;-7.16083333;22.64424857
27/05/2019;-7.28916667;-7.06033333;-7.1575;6.519427893
28/05/2019;-7.37416667;-7.21316667;-7.2225;7.294384629
29/05/2019;-7.515;-7.42316667;-7.41333333;24.46406724
30/05/2019;-7.64666667;-7.60566667;-7.57083333;24.43805146
31/05/2019;-7.52916667;-7.43516667;-7.68833333;32.25910134
03/06/2019;-7.53916667;-7.32766667;-7.47166667;14.64235112
04/06/2019;-6.5125;-6.4985;-6.7;28.37333879
05/06/2019;-6.9375;-6.78383333;-6.8925;7.860320181
06/06/2019;-7.345;-7.1385;-7.24416667;7.994871881
07/06/2019;-7.345;-7.34983333;-7.24416667;10.7562842
10/06/2019;-7.6675;-7.45533333;-7.73833333;-20.12181245
11/06/2019;-7.58416667;-7.3585;-7.7425;0.67531504
12/06/2019;-7.52416667;-7.36816667;-7.62166667;5.158925387
13/06/2019;-7.48666667;-7.24133333;-7.58166667;12.41134552
14/06/2019;-7.39166667;-7.09283333;-7.51666667;0.06719407
17/06/2019;-7.155;-6.87466667;-7.26333333;-6.25967356
18/06/2019;-7.28083333;-7.06866667;-7.385;-2.75628889
19/06/2019;-7.59416667;-7.3585;-7.65916667;-4.71000493
20/06/2019;-8.18666667;-7.872;-8.19666667;5.343702938
21/06/2019;-8.30833333;-7.9815;-8.3075;10.7207068
24/06/2019;-8.5125;-8.22433333;-8.4725;5.322801151
25/06/2019;-8.49166667;-8.2445;-8.45133333;4.145330551
26/06/2019;-8.685;-8.501;-8.55983333;-1.523520934
27/06/2019;-8.12916667;-7.886;-8.158;9.885307717
28/06/2019;-7.795;-7.56233333;-7.705;22.99449955
01/07/2019;-7.67666667;-7.29516667;-7.58483333;-3.561381659
02/07/2019;-7.42083333;-7.04266667;-7.45033333;-9.681963803
03/07/2019;-7.31166667;-6.81233333;-7.16383333;4.683350749
04/07/2019;-7.08916667;-6.68566667;-7.01166667;31.70601836
05/07/2019;-6.75333333;-6.2365;-6.60166667;2.89952072
08/07/2019;-6.50666667;-5.92433333;-6.35583333;-3.76525313
09/07/2019;-6.40916667;-6.091;-6.3375;0.958755737
10/07/2019;-6.77333333;-6.32166667;-6.575;1.0975582
11/07/2019;-6.92583333;-6.37433333;-6.68083333;6.937766681
12/07/2019;-7.14416667;-6.70383333;-6.95583333;-18.79390578
15/07/2019;-6.7725;-6.55983333;-6.73933333;-12.92891591
16/07/2019;-7.1625;-7.00233333;-7.13833333;-14.44405856
17/07/2019;-7.71333333;-7.36516667;-7.4775;-13.55208773
18/07/2019;-7.92333333;-7.58583333;-7.7375;2.130051862
19/07/2019;-8.1875;-7.90033333;-7.99333333;0.23507303
22/07/2019;-8.51666667;-8.21;-8.2675;-5.948765846
23/07/2019;-8.45583333;-7.93583333;-7.9715;-5.21088534
24/07/2019;-8.40416667;-8.0735;-8.116;-5.13512585
25/07/2019;-8.31916667;-8.013;-8.06916667;-4.43326638
26/07/2019;-8.16666667;-7.82483333;-7.98333333;-7.99350657
29/07/2019;-7.99666667;-7.64666667;-7.78;-3.600662739
30/07/2019;-7.0525;-6.74683333;-6.7975;-2.955016149
31/07/2019;-6.8625;-6.5425;-6.63166667;-7.99010538
01/08/2019;-6.22;-5.825;-6.00416667;-7.57829991
02/08/2019;-6.05666667;-5.7455;-5.8675;-3.70894315
05/08/2019;-6.20166667;-5.86066667;-6.02;5.757109497
06/08/2019;-6.5425;-6.21233333;-6.3675;9.059244634
07/08/2019;-6.1675;-5.823;-5.8975;5.6610677
08/08/2019;-5.72;-5.3635;-5.52583333;9.332346929
09/08/2019;-5.75333333;-5.34133333;-5.53983333;39.5383453
12/08/2019;-5.9075;-5.4965;-5.75733333;-9.68129421
13/08/2019;-5.7925;-5.41083333;-5.65833333;-0.65193953
14/08/2019;-6.23;-5.8985;-6.06416667;3.109178403
15/08/2019;-6.02666667;-5.7025;-5.9455;13.64454933
16/08/2019;-6.28333333;-5.93533333;-6.13116667;12.55891237
19/08/2019;-6.16583333;-5.85883333;-6.093;-7.43165767
20/08/2019;-5.8925;-5.52933333;-5.7345;-4.79925633
21/08/2019;-5.81;-5.40866667;-5.69216667;-2.92236383
22/08/2019;-6.14916667;-5.71266667;-5.96833333;0.29290559
23/08/2019;-6.3675;-5.98016667;-6.208;-4.012238885
26/08/2019;-6.5825;-6.17133333;-6.43916667;-14.54270078
27/08/2019;-6.60083333;-6.1695;-6.50433333;-9.99790179
28/08/2019;-6.4275;-6.0385;-6.34166667;-4.438665746
29/08/2019;-6.4875;-5.975;-6.29;11.97169666
30/08/2019;-4.20716667;-3.8465;-4.04216667;8.00807406
02/09/2019;-4.29833333;-3.805;-3.89216667;43.23402996
03/09/2019;-3.99333333;-3.5905;-3.77316667;-7.14115911
04/09/2019;-4.09666667;-3.76483333;-3.92316667;18.84237127
05/09/2019;-4.0025;-3.831;-4.0275;13.68156678
06/09/2019;-4.1425;-3.738;-4.0505;9.36323479
09/09/2019;-4.29833333;-3.96783333;-4.18333333;-8.14762355
10/09/2019;-3.84833333;-3.06783333;-3.42333333;-16.4540351
11/09/2019;-3.50333333;-3.17483333;-3.36083333;21.30185504
12/09/2019;-3.21083333;-2.67383333;-2.91533333;41.12755452
13/09/2019;-2.98083333;-2.34833333;-2.66083333;41.61302162
16/09/2019;-3.45166667;-2.91466667;-3.31083333;44.41751635
17/09/2019;-4.32416667;-4.02966667;-4.21916667;-9.7214562
18/09/2019;-5.34333333;-4.84433333;-5.127;-18.31748394
19/09/2019;-5.6725;-5.132;-5.388;-13.57761852
20/09/2019;-5.69583333;-5.087;-5.2775;-10.89207667
23/09/2019;-5.91833333;-5.23133333;-5.514;-6.83970597
24/09/2019;-5.80166667;-5.05816667;-5.38283333;-12.17008965
25/09/2019;-5.785;-5.109;-5.41216667;-10.25093442
26/09/2019;-5.86583333;-5.15366667;-5.47416667;-8.5930498
27/09/2019;-0.77083333;-0.3675;-0.41766667;0.56915973
30/09/2019;-1.5125;-0.746;-0.77566667;-12.62439022
01/10/2019;-0.84166667;-0.473;-0.63066667;-8.80100099
02/10/2019;-1.18666667;-0.62966667;-0.92966667;-9.52405139
03/10/2019;-1.04666667;-0.41616667;-0.62833333;20.92640448
04/10/2019;-1.29416667;-0.71183333;-0.86883333;-12.9783289
07/10/2019;-1.54;-0.91816667;-1.0605;-10.56709836
08/10/2019;-1.455;-0.8435;-1.056;-3.08777783
09/10/2019;-1.63583333;-1.03466667;-1.22716667;-8.79894575
10/10/2019;-1.525;-0.958;-1.18083333;-2.03277841
11/10/2019;-1.65333333;-1.068;-1.24833333;-15.0208586
14/10/2019;-1.55;-0.96383333;-1.1855;-10.38651797
15/10/2019;-1.5225;-0.88016667;-1.107;-8.51274244
16/10/2019;-1.445;-0.78583333;-1.027;19.1821891
17/10/2019;-1.3775;-0.71733333;-0.939;-9.19285562
18/10/2019;-1.245;-0.63433333;-0.85;-10.98051656
21/10/2019;-1.43083333;-0.76733333;-0.99333333;34.84503986
22/10/2019;-1.33833333;-0.66133333;-0.87966667;-13.94789538
23/10/2019;-1.37;-0.69183333;-0.90883333;-11.61655623
24/10/2019;-1.27666667;-0.58416667;-0.82683333;-3.07880703
25/10/2019;-1.44333333;-0.75183333;-0.95983333;-7.54235684
28/10/2019;-1.93;-1.34316667;-1.53266667;-0.8596728
29/10/2019;-2.38;-1.80933333;-1.96616667;27.75812692
30/10/2019;0.1885;0.6705;0.5525;5.64252267
31/10/2019;0.07983333;0.6155;0.53083333;-5.65137301
01/11/2019;-0.00916667;0.51166667;0.45783333;1.12983252
04/11/2019;0.06033333;0.5225;0.488;-21.23486141
05/11/2019;0.23783333;0.67333333;0.59083333;-14.53528938
06/11/2019;0.1965;0.56666667;0.43716667;-18.56051693
07/11/2019;0.13616667;0.565;0.44983333;-12.0502049
08/11/2019;0.07766667;0.5405;0.42416667;-8.62620058
11/11/2019;0.14883333;0.55883333;0.463;31.65950465
12/11/2019;0.1645;0.49266667;0.37466667;15.40570584
13/11/2019;0.11116667;0.39383333;0.258;27.31581064
14/11/2019;0.15816667;0.32466667;0.178;-3.14096162
15/11/2019;0.085;0.26016667;0.20016667;37.12717192
18/11/2019;-0.08466667;0.077;-0.01416667;41.48168965
19/11/2019;-0.042;0.13833333;0.06066667;-14.43736943
20/11/2019;0.082;0.2795;0.1555;4.5985399
21/11/2019;0.00733333;0.22933333;0.14633333;18.26043644
22/11/2019;0.11916667;0.3475;0.244;-5.87393677
25/11/2019;0.29166667;0.46316667;0.4215;3.62955997
26/11/2019;0.18616667;0.42416667;0.298;29.89283007
27/11/2019;0.19583333;0.38066667;0.282;-10.30926386
28/11/2019;1.11483333;1.14633333;1.23233333;31.61897189
29/11/2019;1.193;1.217;1.26766667;31.92470041
02/12/2019;1.175;1.1115;1.14966667;30.32286253
03/12/2019;1.215;1.11866667;1.17383333;39.09063022
04/12/2019;1.33433333;1.19883333;1.2395;24.20073164
05/12/2019;1.22233333;1.05933333;1.1135;6.8853496
06/12/2019;1.21883333;1.07183333;1.0865;27.97164362
09/12/2019;1.12133333;1.0215;1.0435;23.5575742
10/12/2019;1.034;0.86716667;0.82416667;-1.06135619
11/12/2019;0.8215;0.70083333;0.65366667;19.65904942
12/12/2019;0.939;0.85033333;0.81083333;3.27987909
13/12/2019;0.65;0.5545;0.49083333;28.57238987
16/12/2019;0.59616667;0.59883333;0.46216667;38.77207471
17/12/2019;0.748;0.788;0.57216667;9.733659912
18/12/2019;0.9015;0.9615;0.79566667;30.55197461
19/12/2019;0.82566667;0.81816667;0.60633333;-14.75716708
20/12/2019;0.34516667;0.36133333;0.2095;38.47512097
23/12/2019;0.12966667;0.12066667;-0.025;6.981462292
24/12/2019;0.10183333;0.11433333;0.0085;-12.28242491
26/12/2019;0.10183333;0.11433333;0.0085;-12.55962688
27/12/2019;0.23416667;0.31266667;0.28283333;-10.56187481
30/12/2019;0.56416667;0.597;0.55916667;40.07557407
31/12/2019;0.57533333;0.35016667;0.761;19.65134224
02/01/2020;0.48466667;0.3885;0.28183333;-17.52407456
03/01/2020;0.2865;0.24216667;0.13416667;-14.5026039
06/01/2020;0.10733333;0.059;-0.06783333;39.36553189
07/01/2020;0.0925;0.05;0.00566667;-5.5521785
08/01/2020;0.122;0.07383333;0.14033333;-10.77518153
09/01/2020;0.1375;0.103;0.08916667;14.27659202
10/01/2020;0.14783333;0.09533333;0.08716667;-14.92668931
13/01/2020;0.22616667;0.13533333;0.14083333;30.07780644
14/01/2020;0.1025;0.02083333;0.07916667;40.31505416
15/01/2020;0.08;0.01283333;0.05483333;16.64274702
16/01/2020;0.18783333;0.071;0.11533333;19.76840353
17/01/2020;0.09083333;-0.00583333;0.05466667;8.312628012
20/01/2020;-0.04183333;-0.12166667;-0.0825;19.90853213
21/01/2020;-0.00083333;-0.0695;-0.01166667;8.718549856
22/01/2020;0.01016667;-0.09016667;-0.06166667;2.574499802
23/01/2020;0.059;-0.0375;0.00433333;21.5991987
24/01/2020;0.03233333;-0.05516667;-0.034;-17.03285441
27/01/2020;0.05733333;-0.02816667;-0.03866667;1.756445017
28/01/2020;0.006;-0.13133333;-0.10883333;-19.42137566
29/01/2020;-0.096;-0.206;-0.17;32.17414921
30/01/2020;-0.2805;-0.2955;-0.25366667;32.26086516
31/01/2020;-0.3025;-0.34383333;-0.255;-8.44669006
03/02/2020;-0.38183333;-0.506;-0.4165;34.95403601
04/02/2020;-0.43333333;-0.546333333;-0.43933333;34.50549698
05/02/2020;-0.35916667;-0.518833333;-0.46316667;20.72780507
06/02/2020;-0.41616667;-0.576;-0.53216667;22.56374577
07/02/2020;-0.45216667;-0.639833333;-0.531;-11.49915691
10/02/2020;-0.574;-0.769666667;-0.624666667;17.82947497
11/02/2020;-0.596666667;-0.7975;-0.677833333;22.52571835
12/02/2020;-0.5355;-0.8185;-0.6905;7.057579272
13/02/2020;-0.6075;-0.835;-0.77183333;42.5830524
14/02/2020;-0.77033333;-0.935166667;-0.89133333;39.80654888
17/02/2020;-0.84183333;-0.99533333;-0.93983333;14.16826399
18/02/2020;-0.6455;-0.84866667;-0.80366667;8.485826361
19/02/2020;-0.4035;-0.59966667;-0.58883333;11.38698499
20/02/2020;-0.28116667;-0.48283333;-0.43366667;-3.82957255
21/02/2020;-0.29216667;-0.48;-0.41366667;29.40039409
24/02/2020;-0.077;-0.3225;-0.240666667;22.50891887
25/02/2020;-0.009333333;-0.250333333;-0.108833333;-1.43053561
26/02/2020;-0.0455;-0.285166667;-0.142;2.914849702
27/02/2020;-0.109833333;-0.293166667;-0.157833333;11.02788183
28/02/2020;-0.118833333;-0.257333333;-0.139166667;-13.08517524
