Date (CET);LDZ;Actual;Normal
22/01/2015;632.0532584;-3.892907093;0.50873323
23/01/2015;638.5976312;-3.91978022;0.520840846
24/01/2015;653.5600356;-3.864135864;0.535616969
25/01/2015;679.4769882;-4.73956044;0.553057221
26/01/2015;729.456032;-5.381418581;0.573156432
27/01/2015;576.2266802;0.662037962;0.595908648
28/01/2015;492.6342794;2.945854146;0.621307126
29/01/2015;414.1327292;6.377822178;0.649344341
30/01/2015;291.5997866;9.857542458;0.680011984
31/01/2015;377.7857252;7.132067932;0.713300967
01/02/2015;404.7782714;5.796703297;0.749201428
02/02/2015;502.28324;2.31008991;0.787702726
03/02/2015;538.060869;1.644955045;0.828793455
04/02/2015;473.9812922;4.434365634;0.872461437
05/02/2015;479.2648266;3.07962038;0.918693733
06/02/2015;550.9645906;1.083616384;0.967476643
07/02/2015;557.217587;0.68021978;1.018795712
08/02/2015;585.5940826;-0.425374625;1.072635733
09/02/2015;635.961033;-1.551048951;1.128980751
10/02/2015;704.9347968;-3.314985015;1.187814072
11/02/2015;662.808718;-2.337262737;1.24911826
12/02/2015;621.4388624;-1.319280719;1.312875151
13/02/2015;605.8260942;-1.456843157;1.379065852
14/02/2015;634.2333038;-1.518381618;1.447670748
15/02/2015;581.7057532;0.196303696;1.518669512
16/02/2015;531.8845284;1.954245754;1.592041104
17/02/2015;528.9511832;1.872227772;1.667763783
18/02/2015;541.2877292;0.926873127;1.74581511
19/02/2015;578.4668228;0.498401598;1.826171958
20/02/2015;586.974185;-0.834365634;1.908810515
21/02/2015;640.3840126;-2.314385614;1.993706292
22/02/2015;678.585789;-3.148751249;2.080834135
23/02/2015;678.118253;-2.644955045;2.170168225
24/02/2015;622.2981886;-0.22987013;2.26168209
25/02/2015;570.9094272;1.001898102;2.355348613
26/02/2015;553.2463908;1.242257742;2.451140038
27/02/2015;521.893221;1.526273726;2.549027981
28/02/2015;508.683452;1.911188811;2.648983434
01/03/2015;515.9987026;2.082517483;2.75097678
02/03/2015;547.565991;1.289010989;2.854977795
03/03/2015;557.1878836;2.054945055;2.960955661
04/03/2015;516.09829;2.7999001;3.068878975
05/03/2015;451.9066872;5.576023976;3.178715758
06/03/2015;419.9391254;6.742957043;3.290433461
07/03/2015;359.9779078;7.162337662;3.403998981
08/03/2015;379.537886;5.301998002;3.519378665
09/03/2015;388.7343936;4.175124875;3.636538325
10/03/2015;479.2180416;0.607892108;3.755443242
11/03/2015;591.0732194;-2.195904096;3.876058184
12/03/2015;599.7472126;-2.79030969;3.99834741
13/03/2015;657.793541;-3.439360639;4.122274681
14/03/2015;669.7417282;-2.904095904;4.247803277
15/03/2015;654.1753092;-2.764535465;4.374896
16/03/2015;575.0767914;0.614685315;4.50351519
17/03/2015;519.811702;1.835464535;4.633622734
18/03/2015;503.8917134;1.909390609;4.765180079
19/03/2015;512.3604356;1.026673327;4.898148241
20/03/2015;507.7309612;1.04985015;5.032487819
21/03/2015;519.2571184;0.200799201;5.168159005
22/03/2015;543.9513798;-0.316183816;5.305121598
23/03/2015;626.1417072;-3.38021978;5.443335011
24/03/2015;609.872246;-2.636363636;5.58275829
25/03/2015;628.8181184;-1.871828172;5.723350119
26/03/2015;635.2052672;-1.622177822;5.86506884
27/03/2015;625.6700714;-0.607892108;6.007872458
28/03/2015;570.2962674;0.292407592;6.151718656
29/03/2015;543.0478272;0.547052947;6.29656481
30/03/2015;541.5222408;0.920979021;6.442367999
31/03/2015;557.5690876;0.532267732;6.589085018
01/04/2015;561.601019;0.623676324;6.736672392
02/04/2015;561.20922;0.919380619;6.885086388
03/04/2015;522.9346062;1.452047952;7.034283028
04/04/2015;501.9307906;2.24015984;7.1842181
05/04/2015;508.5977688;1.829170829;7.334847177
06/04/2015;500.158878;2.867532468;7.486125623
07/04/2015;488.1543518;3.362337662;7.638008611
08/04/2015;464.750335;4.357242757;7.790451136
09/04/2015;403.8828652;5.589310689;7.943408025
10/04/2015;360.2720654;6.703596404;8.096833954
11/04/2015;282.0912212;9.594505495;8.250683459
12/04/2015;290.7702136;10.13396603;8.404910951
13/04/2015;307.6388102;9.633966034;8.55947073
14/04/2015;239.3882846;13.2043956;8.714316996
15/04/2015;180.3607272;16.37222777;8.869403865
16/04/2015;160.4836158;15.52227772;9.024685382
17/04/2015;153.650367;16.52697303;9.180115532
18/04/2015;156.2323288;16.73406593;9.335648259
19/04/2015;264.7802984;10.74535465;9.491237474
20/04/2015;372.1073872;7.727472527;9.646837075
21/04/2015;312.6793668;10.21628372;9.802400952
22/04/2015;270.4820314;11.74535465;9.957883009
23/04/2015;234.1096972;12.34415584;10.11323717
24/04/2015;222.0077474;14.26903097;10.26841741
25/04/2015;184.5007202;16.39370629;10.42337774
26/04/2015;198.0312514;14.51288711;10.57807224
27/04/2015;378.2810448;7.786413586;10.73245507
28/04/2015;368.8765946;8.408291708;10.88648048
29/04/2015;303.3901574;10.33906094;11.04010284
30/04/2015;295.7316484;10.38171828;11.19327662
01/05/2015;259.1240616;11.87922078;11.34595644
02/05/2015;223.8317178;12.71958042;11.49809704
03/05/2015;234.4706798;12.6971029;11.64965336
04/05/2015;239.2869844;13.29100899;11.80058047
05/05/2015;225.3003898;14.4010989;11.95083366
06/05/2015;190.6874246;16.24385614;12.1003684
07/05/2015;173.4995698;15.8991009;12.24914039
08/05/2015;167.9289668;17.33126873;12.39710553
09/05/2015;143.7391506;16.35134865;12.54421999
10/05/2015;199.7804774;13.78721279;12.69044017
11/05/2015;254.0087366;12.22117882;12.83572274
12/05/2015;312.5129922;10.30759241;12.98002465
13/05/2015;303.8285342;10.63446553;13.12330314
14/05/2015;225.4595588;12.38801199;13.26551576
15/05/2015;191.2621766;16.26923077;13.40662036
16/05/2015;193.2747528;16.94955045;13.54657513
17/05/2015;203.5754096;16.98711289;13.68533861
18/05/2015;207.0019966;13.15834166;13.82286966
19/05/2015;237.591432;13.82117882;13.95912755
20/05/2015;243.8073808;13.15294705;14.09407188
21/05/2015;245.408208;12.61978022;14.22766268
22/05/2015;319.618949;9.2999001;14.35986037
23/05/2015;348.4231744;8.131068931;14.49062575
24/05/2015;369.6844484;8.440959041;14.6199201
25/05/2015;357.011536;8.764135864;14.74770509
26/05/2015;347.5487456;9.739460539;14.87394286
27/05/2015;256.3780346;11.97572428;14.998596
28/05/2015;230.7135888;13.74915085;15.12162758
29/05/2015;270.1687886;11.93156843;15.24300114
30/05/2015;244.7419548;13.65234765;15.36268071
31/05/2015;222.1884426;14.91778222;15.48063083
01/06/2015;210.1210078;13.86773227;15.59681655
02/06/2015;248.1141012;11.84495504;15.71120343
03/06/2015;267.6942358;11.81508492;15.82375759
04/06/2015;213.332575;13.64585415;15.93444568
05/06/2015;188.8361538;15.79190809;16.04323488
06/06/2015;169.3122606;17.45964036;16.15009298
07/06/2015;154.075217;18.45454545;16.25498829
08/06/2015;149.5534774;18.05344655;16.35788974
09/06/2015;145.9154146;16.35694306;16.45876684
10/06/2015;171.1945012;15.12757243;16.5575897
11/06/2015;168.9992614;15.91118881;16.65432903
12/06/2015;161.6300064;18.67002997;16.74895616
13/06/2015;133.033146;19.86593407;16.84144306
14/06/2015;173.1929964;15.19160839;16.93176232
15/06/2015;160.3647864;17.32297702;17.01988718
16/06/2015;142.5901516;17.50529471;17.10579152
17/06/2015;129.5840846;20.84945055;17.18944988
18/06/2015;117.0363486;23.66763237;17.27083749
19/06/2015;116.0053236;26.18381618;17.34993021
20/06/2015;114.867868;23.5984016;17.42670462
21/06/2015;126.3896116;19.37632368;17.50113797
22/06/2015;129.0455476;18.89440559;17.57320819
23/06/2015;128.78417;17.3006993;17.64289394
24/06/2015;173.202712;15.31948052;17.71017455
25/06/2015;226.4082582;12.92377622;17.77503011
26/06/2015;230.8676018;12.51968032;17.83744138
27/06/2015;241.8176908;12.83646354;17.89738988
28/06/2015;214.8334216;13.74485514;17.95485783
29/06/2015;193.9789124;14.24245754;18.00982822
30/06/2015;206.9103752;13.75404595;18.06228475
01/07/2015;166.874283;17.8027972;18.11221188
02/07/2015;138.0638906;18.62997003;18.15959481
03/07/2015;116.815285;19.56623377;18.2044195
04/07/2015;116.0872072;19.08101898;18.24667268
05/07/2015;124.1109624;19.48351648;18.28634181
06/07/2015;131.659192;19.0983017;18.32341515
07/07/2015;128.3541618;20.11018981;18.35788172
08/07/2015;124.9916454;20.67432567;18.38973128
09/07/2015;122.0407308;20.92907093;18.41895442
10/07/2015;125.2852232;18.74205794;18.44554246
11/07/2015;140.9528832;16.81908092;18.46948754
12/07/2015;155.0175616;16.76233766;18.49078255
13/07/2015;146.1885244;17.99100899;18.50942118
14/07/2015;136.6303178;17.32397602;18.52539792
15/07/2015;136.482692;18.36263736;18.53870803
16/07/2015;141.300425;20.10689311;18.54934756
17/07/2015;127.9810752;21.27142857;18.55731336
18/07/2015;112.8039046;22.31258741;18.56260307
19/07/2015;115.1564428;21.57042957;18.56521512
20/07/2015;117.2321744;21.07452547;18.56514875
21/07/2015;120.0798558;22.97932068;18.56240396
22/07/2015;118.8350796;24.57032967;18.55698157
23/07/2015;112.6358872;23.6976024;18.5488832
24/07/2015;112.9678516;22.31328671;18.53811123
25/07/2015;112.2759136;23.15894106;18.52466886
26/07/2015;113.2029622;24.74495504;18.50856008
27/07/2015;117.3331144;26.29400599;18.48978965
28/07/2015;116.5075348;24.95754246;18.46836314
29/07/2015;114.0704204;20.40619381;18.4442869
30/07/2015;121.6716558;19.38271728;18.41756807
31/07/2015;116.220395;20.63676324;18.38821455
01/08/2015;126.0050082;23.43146853;18.35623505
02/08/2015;119.6285522;27.35424575;18.32163905
03/08/2015;119.069581;24.75824176;18.28443679
04/08/2015;119.3598904;21.66793207;18.24463931
05/08/2015;122.5717454;23.13206793;18.20225838
06/08/2015;115.8294324;23.12677323;18.15730658
07/08/2015;120.1379028;20.50719281;18.10979721
08/08/2015;116.4450076;19.44295704;18.05974437
09/08/2015;131.4879776;17.58071928;18.00716288
10/08/2015;138.1686784;18.11068931;17.95206832
11/08/2015;139.1885692;17.2961039;17.89447701
12/08/2015;144.73439;17.46313686;17.83440603
13/08/2015;152.3196136;15.77752248;17.77187318
14/08/2015;180.4757392;15.21558442;17.70689698
15/08/2015;176.9951026;17.31378621;17.63949668
16/08/2015;148.6886842;20.90689311;17.56969227
17/08/2015;132.3021398;20.85714286;17.49750441
18/08/2015;124.3418966;20.12917083;17.42295452
19/08/2015;116.8629678;17.31538462;17.34606467
20/08/2015;155.3661012;15.83276723;17.26685764
21/08/2015;164.9785796;16.73606394;17.18535692
22/08/2015;153.2823272;18.19400599;17.10158665
23/08/2015;133.4874798;18.85164835;17.01557166
24/08/2015;153.1171238;18.24105894;16.92733742
25/08/2015;150.537945;17.61378621;16.83691009
26/08/2015;148.7656038;17.1045954;16.74431647
27/08/2015;147.526286;16.96413586;16.64958399
28/08/2015;145.0176398;17.37382617;16.55274072
29/08/2015;173.1626552;17.28531469;16.45381535
30/08/2015;162.4372136;18.10709291;16.35283721
31/08/2015;138.0494078;17.33606394;16.24983622
01/09/2015;173.2476018;14.58391608;16.14484289
02/09/2015;172.4529976;15.66413586;16.03788834
03/09/2015;125.2615714;17.76823177;15.92900426
04/09/2015;129.4589916;18.5035964;15.81822291
05/09/2015;131.4670626;20.01428571;15.70557713
06/09/2015;130.9033958;20.84245754;15.59110028
07/09/2015;124.4488962;19.47722278;15.4748263
08/09/2015;132.2553502;17.28431568;15.35678964
09/09/2015;178.0676942;13.84485514;15.23702528
10/09/2015;230.1306192;12.18291708;15.1155687
11/09/2015;258.9684472;11.83296703;14.99245589
12/09/2015;235.1422872;12.85004995;14.86772333
13/09/2015;198.8118556;14.45254745;14.74140799
14/09/2015;177.9562158;15.31768232;14.6135473
15/09/2015;169.2528134;14.57642358;14.48417914
16/09/2015;232.8804736;12.44975025;14.35334185
17/09/2015;300.0713368;10.4962038;14.2210742
18/09/2015;246.2341054;10.85364635;14.08741538
19/09/2015;262.793034;11.52307692;13.952405
20/09/2015;217.4305112;12.91118881;13.81608306
21/09/2015;217.6276136;13.39250749;13.67848996
22/09/2015;222.1308938;14.28221778;13.53966647
23/09/2015;163.0313584;15.68691309;13.39965373
24/09/2015;210.746759;13.77322677;13.25849322
25/09/2015;236.0574164;12.25774226;13.11622679
26/09/2015;203.7050044;11.52057942;12.97289657
27/09/2015;233.3964368;10.78371628;12.82854505
28/09/2015;257.9892396;10.64805195;12.68321499
29/09/2015;264.7879804;10.59260739;12.53694947
30/09/2015;313.4701408;9.587012987;12.38979182
01/10/2015;304.6439284;9.433666334;12.24178565
02/10/2015;350.4124824;8.566233766;12.09297482
03/10/2015;359.8645582;8.502697303;11.94340343
04/10/2015;289.7624436;10.0037962;11.79311579
05/10/2015;265.3587184;11.65414585;11.64215643
06/10/2015;256.3601546;12.71528472;11.4905701
07/10/2015;220.2133446;13.06583417;11.33840171
08/10/2015;222.2203434;12.7992008;11.18569635
09/10/2015;217.4968478;13.04145854;11.03249926
10/10/2015;325.0377266;9.057442557;10.87885585
11/10/2015;346.9443128;10.07872128;10.72481165
12/10/2015;388.4005632;9.286213786;10.57041229
13/10/2015;373.2788206;8.223476523;10.41570354
14/10/2015;309.6417228;9.938261738;10.26073123
15/10/2015;279.583491;10.37082917;10.10554129
16/10/2015;313.2022694;9.373426573;9.950179705
17/10/2015;259.6675916;11.46153846;9.794692507
18/10/2015;282.892535;10.05084915;9.639125773
19/10/2015;298.9111486;10.45274725;9.483525602
20/10/2015;178.4429434;15.44645355;9.3279381
21/10/2015;182.5599444;14.697003;9.172409372
22/10/2015;183.1232956;16.02597403;9.016985503
23/10/2015;175.1979508;15.78581419;8.861712551
24/10/2015;214.5244004;12.81818182;8.706636525
25/10/2015;265.5842286;12.19000999;8.551803377
26/10/2015;181.264801;15.98851149;8.397258989
27/10/2015;172.889737;15.16033966;8.243049155
28/10/2015;166.8397574;15.11698302;8.08921957
29/10/2015;269.7827758;11.15184815;7.935815818
30/10/2015;359.2151422;8.390709291;7.782883355
31/10/2015;412.8816654;7.361838162;7.630467499
01/11/2015;396.6442834;8.838261738;7.478613414
02/11/2015;275.5772992;10.70629371;7.327366098
03/11/2015;326.0595348;9.218381618;7.176770368
04/11/2015;339.4026812;8.556543457;7.026870849
05/11/2015;397.861191;7.12027972;6.877711959
06/11/2015;340.8603154;8.426973027;6.729337898
07/11/2015;226.2339016;11.72657343;6.581792632
08/11/2015;262.5329654;10.15254745;6.435119881
09/11/2015;336.5441438;8.865834166;6.289363109
10/11/2015;420.9858908;5.825074925;6.144565506
11/11/2015;445.3248648;4.999100899;6.000769978
12/11/2015;499.9691198;4.808291708;5.858019136
13/11/2015;433.5001996;5.771828172;5.71635528
14/11/2015;462.0313068;4.422777223;5.575820387
15/11/2015;462.7205666;4.626173826;5.436456101
16/11/2015;466.6626204;3.808591409;5.298303718
17/11/2015;444.1919486;5.091808192;5.161404177
18/11/2015;423.9032284;5.348351648;5.025798044
19/11/2015;455.2882478;5.155544456;4.891525501
20/11/2015;470.6955278;3.527472527;4.758626337
21/11/2015;500.2779114;2.755344655;4.627139932
22/11/2015;473.0660868;3.977722278;4.497105249
23/11/2015;443.577934;5.178721279;4.368560819
24/11/2015;471.2906672;3.200799201;4.241544733
25/11/2015;567.7168224;0.338461538;4.116094629
26/11/2015;591.9501736;-0.888111888;3.992247681
27/11/2015;619.7086632;0.72997003;3.870040586
28/11/2015;524.30797;4.707292707;3.749509558
29/11/2015;482.4666766;4.608791209;3.630690313
30/11/2015;488.3119924;4.221878122;3.513618058
01/12/2015;470.2156392;5.151548452;3.398327486
02/12/2015;498.3163184;2.356743257;3.284852759
03/12/2015;583.071793;0.246453546;3.173227502
04/12/2015;551.5295646;1.9999001;3.063484792
05/12/2015;477.7394102;3.24955045;2.955657149
06/12/2015;511.9910726;1.705794206;2.849776523
07/12/2015;523.310775;2.00969031;2.745874291
08/12/2015;452.634283;5.07952048;2.643981239
09/12/2015;397.9676548;7.686113886;2.544127562
10/12/2015;418.7439068;6.795904096;2.446342848
11/12/2015;464.276568;4.759340659;2.350656073
12/12/2015;523.76279;2.435764236;2.257095591
13/12/2015;576.1948546;0.875224775;2.165689126
14/12/2015;565.0963048;1.827272727;2.076463763
15/12/2015;500.784488;4.472527473;1.989445942
16/12/2015;508.3406492;5.411088911;1.904661449
17/12/2015;506.2405912;4.982017982;1.822135406
18/12/2015;527.4774718;3.822377622;1.741892268
19/12/2015;447.8764548;4.90999001;1.663955813
20/12/2015;464.20574;3.913386613;1.588349135
21/12/2015;514.060154;4.303796204;1.515094638
22/12/2015;384.053431;7.763236763;1.444214029
23/12/2015;363.614911;7.438561439;1.37572831
24/12/2015;349.118911;10.07632368;1.309657777
25/12/2015;382.3600256;8.133266733;1.246022007
26/12/2015;444.261137;5.025974026;1.184839857
27/12/2015;441.3186924;6.280519481;1.126129456
28/12/2015;401.7754436;7.050849151;1.069908202
29/12/2015;449.598237;5.170529471;1.016192754
30/12/2015;529.4223862;2.906893107;0.964999029
31/12/2015;558.5921874;2.182317682;0.916342197
01/01/2016;528.147411;2.791308691;0.870236677
02/01/2016;449.6922978;5.554445554;0.826696129
03/01/2016;416.4681788;6.967532468;0.785733456
04/01/2016;418.8278676;6.420979021;0.747360797
05/01/2016;455.2453128;5.150549451;0.711589521
06/01/2016;457.3414912;6.196203796;0.678430229
07/01/2016;327.8946852;9.725474525;0.647892747
08/01/2016;328.211281;8.896303696;0.619986123
09/01/2016;345.3622516;8.694505495;0.594718627
10/01/2016;429.1581286;5.763236763;0.572097746
11/01/2016;497.8920684;4.575824176;0.552130183
12/01/2016;506.5847124;3.473226773;0.534821855
13/01/2016;508.5049528;3.164635365;0.52017789
14/01/2016;465.7382568;3.841758242;0.508202629
15/01/2016;488.591597;3.336363636;0.49889962
16/01/2016;461.2762608;4.218281718;0.492271618
17/01/2016;426.864111;6.075524476;0.488320589
18/01/2016;507.4431536;4.115784216;0.487047703
19/01/2016;535.651133;2.030669331;0.488453338
20/01/2016;539.5724414;0.025074925;0.492537076
21/01/2016;534.0669094;-0.342657343;0.499297708
22/01/2016;551.0317544;-1.047452547;0.50873323
23/01/2016;557.3490324;-1.397902098;0.520840846
24/01/2016;600.51763;-2.888711289;0.535616969
25/01/2016;662.013588;-5.507592408;0.553057221
26/01/2016;631.1957476;-4.88031968;0.573156432
27/01/2016;561.7264054;-0.457042957;0.595908648
28/01/2016;569.5406444;-0.313186813;0.621307126
29/01/2016;644.2156428;-3.179320679;0.649344341
30/01/2016;630.1383972;-2.688911089;0.680011984
31/01/2016;603.6005864;-0.895004995;0.713300967
01/02/2016;536.273401;2.658541459;0.749201428
02/02/2016;500.5376798;2.973626374;0.787702726
03/02/2016;527.7551194;1.654345654;0.828793455
04/02/2016;516.6478694;2.569430569;0.872461437
05/02/2016;551.1599286;2.312187812;0.918693733
06/02/2016;416.8808592;6.325574426;0.967476643
07/02/2016;382.9194864;7.571028971;1.018795712
08/02/2016;430.09402;6.321378621;1.072635733
09/02/2016;437.9938662;5.72047952;1.128980751
10/02/2016;497.5156846;4.23016983;1.187814072
11/02/2016;458.0721082;4.9000999;1.24911826
12/02/2016;479.0942752;4.463236763;1.312875151
13/02/2016;434.0008466;5.504995005;1.379065852
14/02/2016;449.2273272;5.037862138;1.447670748
15/02/2016;373.7176498;8.994605395;1.518669512
16/02/2016;408.6261296;6.531268731;1.592041104
17/02/2016;446.9602432;5.230669331;1.667763783
18/02/2016;467.3527036;4.946953047;1.74581511
19/02/2016;404.6080202;6.285014985;1.826171958
20/02/2016;389.2808104;7.315784216;1.908810515
21/02/2016;401.523348;6.690809191;1.993706292
22/02/2016;452.66335;5.233466533;2.080834135
23/02/2016;423.6462304;5.91988012;2.170168225
24/02/2016;435.5178468;6.396203796;2.26168209
25/02/2016;408.3864974;7.411288711;2.355348613
26/02/2016;377.025269;7.25984016;2.451140038
27/02/2016;415.441983;5.984615385;2.549027981
28/02/2016;423.1413342;5.318581419;2.648983434
29/02/2016;452.8704548;4.658741259;2.75097678
01/03/2016;455.4520528;4.791208791;2.854977795
02/03/2016;451.9646168;5.382417582;2.960955661
03/03/2016;410.9870196;5.828071928;3.068878975
04/03/2016;405.4187044;5.92977023;3.178715758
05/03/2016;436.5961292;5.895704296;3.290433461
06/03/2016;421.4377374;6.45964036;3.403998981
07/03/2016;392.172439;7.846153846;3.519378665
08/03/2016;337.6530216;10.14955045;3.636538325
09/03/2016;325.6787128;9.713886114;3.755443242
10/03/2016;359.8567002;7.974825175;3.876058184
11/03/2016;334.6459842;8.187312687;3.99834741
12/03/2016;336.2798682;9.042157842;4.122274681
13/03/2016;353.7318502;8.444655345;4.247803277
14/03/2016;362.0318338;8.485714286;4.374896
15/03/2016;313.0186296;9.494005994;4.50351519
16/03/2016;296.4307474;10.1955045;4.633622734
17/03/2016;307.0035558;9.990909091;4.765180079
18/03/2016;304.3984908;10.03846154;4.898148241
19/03/2016;267.4249652;13.37292707;5.032487819
20/03/2016;226.4659818;12.26563437;5.168159005
21/03/2016;338.502871;8.027972028;5.305121598
22/03/2016;412.3760912;5.823276723;5.443335011
23/03/2016;465.7578306;4.347152847;5.58275829
24/03/2016;473.0740442;4.193806194;5.723350119
25/03/2016;445.2647944;5.504595405;5.86506884
26/03/2016;382.383706;7.237762238;6.007872458
27/03/2016;346.4435052;7.914285714;6.151718656
28/03/2016;309.2687692;10.38451548;6.29656481
29/03/2016;278.6919532;12.14205794;6.442367999
30/03/2016;283.1440088;11.41668332;6.589085018
31/03/2016;283.729048;11.15224775;6.736672392
01/04/2016;245.1890432;13.02027972;6.885086388
02/04/2016;231.3023638;13.34955045;7.034283028
03/04/2016;240.9687376;11.04735265;7.1842181
04/04/2016;265.4638726;10.76223776;7.334847177
05/04/2016;220.3341402;13.05134865;7.486125623
06/04/2016;196.199683;15.9048951;7.638008611
07/04/2016;238.5725752;11.42257742;7.790451136
08/04/2016;335.5269504;8.881418581;7.943408025
09/04/2016;301.8997362;9.344355644;8.096833954
10/04/2016;276.626896;10.41258741;8.250683459
11/04/2016;258.674978;10.79450549;8.404910951
12/04/2016;244.464569;11.18871129;8.55947073
13/04/2016;341.2490046;7.975824176;8.714316996
14/04/2016;414.246172;6.343056943;8.869403865
15/04/2016;395.488268;7.184415584;9.024685382
16/04/2016;350.6351662;9.416583417;9.180115532
17/04/2016;382.7938004;7.628271728;9.335648259
18/04/2016;330.5271792;10.64665335;9.491237474
19/04/2016;218.7564834;14.20519481;9.646837075
20/04/2016;250.982986;12.49110889;9.802400952
21/04/2016;218.4657304;13.87352647;9.957883009
22/04/2016;208.8782504;14.10839161;10.11323717
23/04/2016;218.7803352;13.51178821;10.26841741
24/04/2016;175.5581318;16.00919081;10.42337774
25/04/2016;174.8899576;15.41988012;10.57807224
26/04/2016;240.1834056;13.12467532;10.73245507
27/04/2016;236.0792746;13.44935065;10.88648048
28/04/2016;209.6282504;14.24515485;11.04010284
29/04/2016;207.2077058;14.67992008;11.19327662
30/04/2016;229.0475188;13.15384615;11.34595644
01/05/2016;314.323034;8.316283716;11.49809704
02/05/2016;375.8589526;7.7996004;11.64965336
03/05/2016;349.444509;7.960739261;11.80058047
04/05/2016;294.3372648;10.5032967;11.95083366
05/05/2016;218.420939;14.25054945;12.1003684
06/05/2016;199.746365;13.0992008;12.24914039
07/05/2016;218.693738;12.61048951;12.39710553
08/05/2016;197.62627;13.32537463;12.54421999
09/05/2016;232.5720244;12.5022977;12.69044017
10/05/2016;267.830976;11.59340659;12.83572274
11/05/2016;312.690496;10.45804196;12.98002465
12/05/2016;305.1246184;10.26553447;13.12330314
13/05/2016;304.1810878;9.481118881;13.26551576
14/05/2016;303.1624354;10.15334665;13.40662036
15/05/2016;247.3787332;12.13266733;13.54657513
16/05/2016;222.2452252;13.12707293;13.68533861
17/05/2016;223.0781378;13.34095904;13.82286966
18/05/2016;190.1552634;15.68711289;13.95912755
19/05/2016;163.0759752;19.54235764;14.09407188
20/05/2016;144.7028674;21.53656344;14.22766268
21/05/2016;124.5670664;22.03546454;14.35986037
22/05/2016;152.4895686;17.06493506;14.49062575
23/05/2016;176.2689312;16.05584416;14.6199201
24/05/2016;173.3366168;17.83616384;14.74770509
25/05/2016;158.3936582;17.85054945;14.87394286
26/05/2016;173.851907;14.7954046;14.998596
27/05/2016;230.2857516;11.64885115;15.12162758
28/05/2016;251.1808536;10.62537463;15.24300114
29/05/2016;269.3854412;12.16703297;15.36268071
30/05/2016;230.6187834;13.82277722;15.48063083
31/05/2016;207.3645588;;15.59681655
01/06/2016;189.1555974;14.85164835;15.71120343
02/06/2016;181.8500636;16.11198801;15.82375759
03/06/2016;179.259554;16.91538462;15.93444568
04/06/2016;180.4217762;14.98911089;16.04323488
05/06/2016;185.4420784;17.98981019;16.15009298
06/06/2016;143.9742428;21.98031968;16.25498829
07/06/2016;120.5215034;23.93866134;16.35788974
08/06/2016;118.2580196;23.68831169;16.45876684
09/06/2016;114.0230966;24.22897103;16.5575897
10/06/2016;114.5152498;21.24445554;16.65432903
11/06/2016;120.651728;19.01828172;16.74895616
12/06/2016;132.147342;17.18471528;16.84144306
13/06/2016;156.6301916;15.67832168;16.93176232
14/06/2016;176.8316028;16.14705295;17.01988718
15/06/2016;161.5078984;15.7036963;17.10579152
16/06/2016;161.438985;17.03376623;17.18944988
17/06/2016;159.9525202;17.17772228;17.27083749
18/06/2016;150.1702522;15.67522478;17.34993021
19/06/2016;172.6488674;14.66813187;17.42670462
20/06/2016;182.5532882;14.8004995;17.50113797
21/06/2016;177.8735298;15.64775225;17.57320819
22/06/2016;169.2400708;15.7030969;17.64289394
23/06/2016;158.1945562;15.47472527;17.71017455
24/06/2016;182.5346358;14.00609391;17.77503011
25/06/2016;194.80587;15.43856144;17.83744138
26/06/2016;170.4735706;18.00649351;17.89738988
27/06/2016;128.3545184;18.16373626;17.95485783
28/06/2016;142.5825326;15.76153846;18.00982822
29/06/2016;171.8839878;15.02547453;18.06228475
30/06/2016;177.134912;15.41858142;18.11221188
01/07/2016;156.4139898;15.87952048;18.15959481
02/07/2016;155.775112;18.83706294;18.2044195
03/07/2016;135.3310396;22.95254745;18.24667268
04/07/2016;117.0862038;21.71548452;18.28634181
05/07/2016;119.2315252;23.68361638;18.32341515
06/07/2016;122.1737988;20.34285714;18.35788172
07/07/2016;154.5427066;17.52817183;18.38973128
08/07/2016;198.8191006;17.83526474;18.41895442
09/07/2016;166.2755428;19.79070929;18.44554246
10/07/2016;127.8572724;19.46853147;18.46948754
11/07/2016;126.79139;17.84915085;18.49078255
12/07/2016;130.4715968;17.57442557;18.50942118
13/07/2016;126.2969486;19.39430569;18.52539792
14/07/2016;123.4552876;20.25624376;18.53870803
15/07/2016;124.2204576;21.17582418;18.54934756
16/07/2016;118.6639822;22.46343656;18.55731336
17/07/2016;119.669996;24.32997003;18.56260307
18/07/2016;114.6389274;26.08901099;18.56521512
19/07/2016;111.3046818;25.08951049;18.56514875
20/07/2016;110.3005404;21.99000999;18.56240396
21/07/2016;114.036889;22.34945055;18.55698157
22/07/2016;113.570453;22.3959041;18.5488832
23/07/2016;116.4690202;19.97772228;18.53811123
24/07/2016;117.0742378;19.75344655;18.52466886
25/07/2016;122.0609032;21.08161838;18.50856008
26/07/2016;114.6614196;22.08771229;18.48978965
27/07/2016;117.3509176;22.33456543;18.46836314
28/07/2016;119.0455062;21.71608392;18.4442869
29/07/2016;115.366445;20.15604396;18.41756807
30/07/2016;119.4147414;19.83686314;18.38821455
31/07/2016;128.9027958;21.81278721;18.35623505
01/08/2016;120.2717222;22.53016983;18.32163905
02/08/2016;116.8416552;21.87352647;18.28443679
03/08/2016;118.3767788;20.15064935;18.24463931
04/08/2016;125.61554;19.12577423;18.20225838
05/08/2016;135.9301114;19.44585415;18.15730658
06/08/2016;121.7129976;19.43296703;18.10979721
07/08/2016;128.644273;20.78341658;18.05974437
08/08/2016;115.5306802;20.88441558;18.00716288
09/08/2016;120.8776088;21.34005994;17.95206832
10/08/2016;124.7721868;18.38401598;17.89447701
11/08/2016;146.370889;17.07922078;17.83440603
12/08/2016;158.094715;17.25494505;17.77187318
13/08/2016;165.5032928;16.61978022;17.70689698
14/08/2016;181.8110672;15.4048951;17.63949668
15/08/2016;183.9968122;14.99390609;17.56969227
16/08/2016;169.923477;16.15964036;17.49750441
17/08/2016;169.6850958;15.84125874;17.42295452
18/08/2016;192.9803314;14.26333666;17.34606467
19/08/2016;208.7792778;13.45864136;17.26685764
20/08/2016;196.3503256;14.17942058;17.18535692
21/08/2016;207.061871;15.24505495;17.10158665
22/08/2016;202.5392422;14.34595405;17.01557166
23/08/2016;228.3221238;13.0021978;16.92733742
24/08/2016;220.1211852;13.43096903;16.83691009
25/08/2016;184.767835;14.24195804;16.74431647
26/08/2016;176.4291944;15.17152847;16.64958399
27/08/2016;172.3512832;17.10709291;16.55274072
28/08/2016;140.5870772;17.55654346;16.45381535
29/08/2016;134.3999366;17.2996004;16.35283721
30/08/2016;171.0877942;15.0976024;16.24983622
31/08/2016;190.0847232;14.68131868;16.14484289
01/09/2016;162.6895608;15.74535465;16.03788834
02/09/2016;158.8655078;16.11288711;15.92900426
03/09/2016;137.5197386;17.61638362;15.81822291
04/09/2016;135.1362894;19.37192807;15.70557713
05/09/2016;132.9633026;19.68601399;15.59110028
06/09/2016;136.147723;19.03226773;15.4748263
07/09/2016;131.329862;17.98351648;15.35678964
08/09/2016;144.1967356;15.98901099;15.23702528
09/09/2016;175.8323658;14.85424575;15.1155687
10/09/2016;205.7845952;14.18141858;14.99245589
11/09/2016;199.8355176;14.9993007;14.86772333
12/09/2016;161.2786304;16.22537463;14.74140799
13/09/2016;145.0981204;16.9047952;14.6135473
14/09/2016;144.4187452;18.00909091;14.48417914
15/09/2016;148.5555734;;14.35334185
16/09/2016;155.1552054;17.89320679;14.2210742
17/09/2016;138.9809736;18.23356643;14.08741538
18/09/2016;136.9635898;17.7027972;13.952405
19/09/2016;134.9501726;17.38901099;13.81608306
20/09/2016;155.4505668;15.62147852;13.67848996
21/09/2016;265.8835792;11.86883117;13.53966647
22/09/2016;295.2465976;10.78021978;13.39965373
23/09/2016;280.2308044;11.87672328;13.25849322
24/09/2016;228.5625884;13.19360639;13.11622679
25/09/2016;200.3303486;14.48141858;12.97289657
26/09/2016;187.2609224;14.13716284;12.82854505
27/09/2016;206.072242;14.38351648;12.68321499
28/09/2016;172.6923038;16.72937063;12.53694947
29/09/2016;127.242953;16.62077922;12.38979182
30/09/2016;157.0011072;15.56523477;12.24178565
01/10/2016;178.7041636;15.92217782;12.09297482
02/10/2016;209.230119;15.11428571;11.94340343
03/10/2016;236.582304;13.71458541;11.79311579
04/10/2016;250.4344314;12.60799201;11.64215643
05/10/2016;242.3102692;13.35384615;11.4905701
06/10/2016;211.785189;13.66333666;11.33840171
07/10/2016;181.3162058;14.41918082;11.18569635
08/10/2016;151.0047892;16.98081918;11.03249926
09/10/2016;161.274173;15.22217782;10.87885585
10/10/2016;178.1072068;14.44325674;10.72481165
11/10/2016;200.6532492;13.52897103;10.57041229
12/10/2016;177.9265266;14.99080919;10.41570354
13/10/2016;175.0406572;14.61058941;10.26073123
14/10/2016;187.170302;13.98221778;10.10554129
15/10/2016;199.4945574;13.22077922;9.950179705
16/10/2016;199.2419206;13.76993007;9.794692507
17/10/2016;225.9203424;13.85834166;9.639125773
18/10/2016;183.2764936;16.76033966;9.483525602
19/10/2016;156.789678;14.86113886;9.3279381
20/10/2016;236.9497394;12.03706294;9.172409372
21/10/2016;350.7604222;9.041858142;9.016985503
22/10/2016;308.6431298;9.973726274;8.861712551
23/10/2016;344.6469984;9.4003996;8.706636525
24/10/2016;331.9699798;8.937762238;8.551803377
25/10/2016;265.319375;11.35454545;8.397258989
26/10/2016;310.5067092;10.34115884;8.243049155
27/10/2016;386.1234694;7.33976024;8.08921957
28/10/2016;351.5427898;7.493306693;7.935815818
29/10/2016;291.207115;9.416883117;7.782883355
30/10/2016;254.4072396;11.77012987;7.630467499
31/10/2016;249.346095;12.75714286;7.478613414
01/11/2016;267.0299758;12.18371628;7.327366098
02/11/2016;236.5713594;13.07342657;7.176770368
03/11/2016;272.0998062;11.32147852;7.026870849
04/11/2016;324.2053332;9.113286713;6.877711959
05/11/2016;357.2084334;7.576923077;6.729337898
06/11/2016;384.8715542;7.22967033;6.581792632
07/11/2016;337.4453458;8.871628372;6.435119881
08/11/2016;376.8500852;7.403296703;6.289363109
09/11/2016;348.2795292;8.289110889;6.144565506
10/11/2016;375.3567134;8.053046953;6.000769978
11/11/2016;334.1394246;9.412687313;5.858019136
12/11/2016;292.2752578;9.86023976;5.71635528
13/11/2016;313.1645936;9.807692308;5.575820387
14/11/2016;333.823863;9.50999001;5.436456101
15/11/2016;340.5859246;8.557642358;5.298303718
16/11/2016;364.11713;7.64025974;5.161404177
17/11/2016;364.0599826;6.94035964;5.025798044
18/11/2016;383.9645232;5.906593407;4.891525501
19/11/2016;421.0164502;5.208091908;4.758626337
20/11/2016;426.2694884;4.610689311;4.627139932
21/11/2016;390.0066612;5.985914086;4.497105249
22/11/2016;398.7553798;6.451348651;4.368560819
23/11/2016;361.2306518;7.043056943;4.241544733
24/11/2016;398.9941026;4.342257742;4.116094629
25/11/2016;438.0839416;3.979120879;3.992247681
26/11/2016;441.763912;3.591008991;3.870040586
27/11/2016;496.5460688;2.210589411;3.749509558
28/11/2016;532.7495276;0.816583417;3.630690313
29/11/2016;540.15527;0.317682318;3.513618058
30/11/2016;533.5845202;-0.4001998;3.398327486
01/12/2016;527.8980862;-0.88991009;3.284852759
02/12/2016;522.9492886;-0.531968032;3.173227502
03/12/2016;481.20581;1.695304695;3.063484792
04/12/2016;467.5311356;2.770929071;2.955657149
05/12/2016;469.919396;3.765534466;2.849776523
06/12/2016;483.4109696;3.601998002;2.745874291
07/12/2016;470.702587;3.23986014;2.643981239
08/12/2016;516.689549;1.489010989;2.544127562
09/12/2016;511.8415918;2.642357642;2.446342848
10/12/2016;440.3749086;4.286313686;2.350656073
11/12/2016;368.3053168;7.127172827;2.257095591
12/12/2016;391.8160132;5.343956044;2.165689126
13/12/2016;416.1339974;4.260839161;2.076463763
14/12/2016;407.1519422;4.897402597;1.989445942
15/12/2016;426.518493;4.972427572;1.904661449
16/12/2016;465.2653506;3.994105894;1.822135406
17/12/2016;311.4700728;9.70999001;1.741892268
18/12/2016;288.8245632;9.689210789;1.663955813
19/12/2016;426.7940662;5.382017982;1.588349135
20/12/2016;433.4877394;5.663836164;1.515094638
21/12/2016;350.4443412;9.228571429;1.444214029
22/12/2016;345.0786546;9.81008991;1.37572831
23/12/2016;402.6497238;7.413186813;1.309657777
24/12/2016;448.0614342;4.218381618;1.246022007
25/12/2016;539.8708606;0.083116883;1.184839857
26/12/2016;596.0709542;-1.83966034;1.126129456
27/12/2016;678.7501832;-3.913286713;1.069908202
28/12/2016;678.2117598;-2.545054945;1.016192754
29/12/2016;575.5216784;0.31048951;0.964999029
30/12/2016;521.5070994;2.873626374;0.916342197
31/12/2016;525.3026578;2.200799201;0.870236677
01/01/2017;476.0251542;4.517382617;0.826696129
02/01/2017;485.9758254;3.643056943;0.785733456
03/01/2017;494.522319;3.096303696;0.747360797
04/01/2017;511.53506;2.522177822;0.711589521
05/01/2017;561.9218344;1.364535465;0.678430229
06/01/2017;512.1391918;2.777822178;0.647892747
07/01/2017;439.0747422;4.796503497;0.619986123
08/01/2017;365.0095942;7.425874126;0.594718627
09/01/2017;262.585142;10.15474525;0.572097746
10/01/2017;462.3623796;4.005494505;0.552130183
11/01/2017;415.5657422;6.196203796;0.534821855
12/01/2017;333.2693924;8.913286713;0.52017789
13/01/2017;411.8052418;5.055444555;0.508202629
14/01/2017;416.4678818;6.004795205;0.49889962
15/01/2017;391.051115;6.328071928;0.492271618
16/01/2017;488.1137662;2.764135864;0.488320589
17/01/2017;551.2227056;0.978621379;0.487047703
18/01/2017;545.7814204;0.074825175;0.488453338
19/01/2017;525.6813952;0.362937063;0.492537076
20/01/2017;528.4277312;-0.084815185;0.499297708
21/01/2017;539.6197998;-0.197502498;0.50873323
22/01/2017;543.724478;-0.310589411;0.520840846
23/01/2017;562.3132462;-0.272327672;0.535616969
24/01/2017;541.7469306;1.018581419;0.553057221
25/01/2017;516.5141962;2.308791209;0.573156432
26/01/2017;485.6093902;3.007392607;0.595908648
27/01/2017;482.0213956;3.25034965;0.621307126
28/01/2017;496.6542436;2.247552448;0.649344341
29/01/2017;527.4277588;0.929170829;0.680011984
30/01/2017;542.829007;0.826473526;0.713300967
31/01/2017;548.1927546;0.672827173;0.749201428
01/02/2017;542.838773;0.822777223;0.787702726
02/02/2017;598.6930988;-0.638361638;0.828793455
03/02/2017;619.1819326;-1.918581419;0.872461437
04/02/2017;594.6689358;-1.482017982;0.918693733
05/02/2017;626.5631538;-2.567832168;0.967476643
06/02/2017;631.4782476;-0.677622378;1.018795712
07/02/2017;543.4895208;1.58031968;1.072635733
08/02/2017;501.8502644;3.608591409;1.128980751
09/02/2017;456.4208544;4.615784216;1.187814072
10/02/2017;469.77465;3.255844156;1.24911826
11/02/2017;533.55245;1.08031968;1.312875151
12/02/2017;532.2861448;1.162037962;1.379065852
13/02/2017;508.4022558;1.938461538;1.447670748
14/02/2017;543.47075;1.808591409;1.518669512
15/02/2017;542.7506042;1.014985015;1.592041104
16/02/2017;545.8169098;0.875224775;1.667763783
17/02/2017;511.6919334;2.271828172;1.74581511
18/02/2017;527.5648336;1.735864136;1.826171958
19/02/2017;470.2697612;4.280719281;1.908810515
20/02/2017;448.83966;4.774825175;1.993706292
21/02/2017;503.6175042;2.432267732;2.080834135
22/02/2017;504.5809104;2.608891109;2.170168225
23/02/2017;463.69978;3.897402597;2.26168209
24/02/2017;470.5928384;3.485914086;2.355348613
25/02/2017;473.6755302;4.221078921;2.451140038
26/02/2017;479.7587194;3.819480519;2.549027981
27/02/2017;479.5504686;3.366833167;2.648983434
28/02/2017;430.057157;5.139360639;2.75097678
01/03/2017;410.091822;5.142057942;2.854977795
02/03/2017;436.6689792;4.377022977;2.960955661
03/03/2017;464.7465562;3.568231768;3.068878975
04/03/2017;460.3477472;3.985414585;3.178715758
05/03/2017;453.8920334;4.782717283;3.290433461
06/03/2017;425.2814232;6.835164835;3.403998981
07/03/2017;353.3082566;9.432367632;3.519378665
08/03/2017;349.3878294;7.98991009;3.636538325
09/03/2017;383.2235706;6.992107892;3.755443242
10/03/2017;413.4543672;5.000799201;3.876058184
11/03/2017;469.6574734;3.773826174;3.99834741
12/03/2017;488.3755904;3.100899101;4.122274681
13/03/2017;477.4947068;4.011188811;4.247803277
14/03/2017;433.0674486;5.348851149;4.374896
15/03/2017;350.681855;7.827572428;4.50351519
16/03/2017;276.8506958;10.47952048;4.633622734
17/03/2017;293.4552684;9.336663337;4.765180079
18/03/2017;356.3121134;7.242357642;4.898148241
19/03/2017;392.0358304;5.653046953;5.032487819
20/03/2017;446.728246;4.449150849;5.168159005
21/03/2017;465.447465;2.911488511;5.305121598
22/03/2017;407.0321306;5.144055944;5.443335011
23/03/2017;361.2937416;7.222877123;5.58275829
24/03/2017;333.2650492;8.673326673;5.723350119
25/03/2017;370.4833044;6.818681319;5.86506884
26/03/2017;381.0237248;6.806493506;6.007872458
27/03/2017;377.6948994;7.492107892;6.151718656
28/03/2017;301.614172;9.585114885;6.29656481
29/03/2017;370.6344382;6.515784216;6.442367999
30/03/2017;347.3185626;7.038761239;6.589085018
31/03/2017;439.7063382;4.546253746;6.736672392
01/04/2017;453.4157758;4.054945055;6.885086388
02/04/2017;428.7010996;5.344055944;7.034283028
03/04/2017;451.0530562;4.31978022;7.1842181
04/04/2017;449.3099218;4.585614386;7.334847177
05/04/2017;456.9069896;4.884115884;7.486125623
06/04/2017;414.921812;6.094105894;7.638008611
07/04/2017;358.7130362;7.893106893;7.790451136
08/04/2017;280.1085746;10.46623377;7.943408025
09/04/2017;234.197563;13.41248751;8.096833954
10/04/2017;219.9159902;13.202997;8.250683459
11/04/2017;258.8207172;11.05904096;8.404910951
12/04/2017;273.4750978;9.815984016;8.55947073
13/04/2017;256.1540252;11.42987013;8.714316996
14/04/2017;189.7310826;15.72757243;8.869403865
15/04/2017;226.010362;11.74005994;9.024685382
16/04/2017;284.7703512;8.745454545;9.180115532
17/04/2017;370.5112568;7.347952048;9.335648259
18/04/2017;328.396339;9.228871129;9.491237474
19/04/2017;268.0968208;11.18201798;9.646837075
20/04/2017;234.119295;12.59030969;9.802400952
21/04/2017;282.2213688;10.08611389;9.957883009
22/04/2017;301.525622;10.28381618;10.11323717
23/04/2017;239.3765092;13.23966034;10.26841741
24/04/2017;227.224173;13.93796204;10.42337774
25/04/2017;181.2081492;13.38891109;10.57807224
26/04/2017;242.122791;10.45604396;10.73245507
27/04/2017;353.5425012;7.307992008;10.88648048
28/04/2017;326.8431466;9.174325674;11.04010284
29/04/2017;284.7475012;9.827172827;11.19327662
30/04/2017;331.0708856;8.757842158;11.34595644
01/05/2017;296.6896616;9.580619381;11.49809704
02/05/2017;210.7902156;13.3036963;11.64965336
03/05/2017;141.0438546;16.90649351;11.80058047
04/05/2017;133.1746626;18.06593407;11.95083366
05/05/2017;192.917512;14.05104895;12.1003684
06/05/2017;235.8294958;12.36553447;12.24914039
07/05/2017;200.9869694;13.9042957;12.39710553
08/05/2017;167.607278;14.92787213;12.54421999
09/05/2017;213.6032882;12.42457542;12.69044017
10/05/2017;187.5445006;16.06453546;12.83572274
11/05/2017;153.0045648;17.75724276;12.98002465
12/05/2017;175.7772298;13.9954046;13.12330314
13/05/2017;218.8785806;11.66483516;13.26551576
14/05/2017;247.9118286;11.53736264;13.40662036
15/05/2017;254.0653056;11.19420579;13.54657513
16/05/2017;227.1652342;11.8007992;13.68533861
17/05/2017;207.0433058;14.51858142;13.82286966
18/05/2017;213.9464064;13.1035964;13.95912755
19/05/2017;274.00467;11.06713287;14.09407188
20/05/2017;260.2754168;11.26143856;14.22766268
21/05/2017;230.4143268;13.68521479;14.35986037
22/05/2017;192.626695;13.94435564;14.49062575
23/05/2017;187.2507164;13.72657343;14.6199201
24/05/2017;199.770687;13.94955045;14.74770509
25/05/2017;247.5810758;11.73356643;14.87394286
26/05/2017;269.8792846;11.32617383;14.998596
27/05/2017;230.5349876;13.48881119;15.12162758
28/05/2017;185.5915296;14.51648352;15.24300114
29/05/2017;226.6301884;12.33976024;15.36268071
30/05/2017;208.267016;15.05994006;15.48063083
31/05/2017;172.3225012;14.44235764;15.59681655
01/06/2017;166.2422622;17.69130869;15.71120343
02/06/2017;127.4377848;18.14005994;15.82375759
03/06/2017;151.1316446;17.17602398;15.93444568
04/06/2017;128.4934242;22.24515485;16.04323488
05/06/2017;115.9127764;21.45654346;16.15009298
06/06/2017;129.5653472;17.73406593;16.25498829
07/06/2017;173.856708;14.65544456;16.35788974
08/06/2017;209.0318214;13.6;16.45876684
09/06/2017;160.7083038;16.17562438;16.5575897
10/06/2017;136.1204754;18.36143856;16.65432903
11/06/2017;118.574238;20.81808192;16.74895616
12/06/2017;113.9308694;20.56473526;16.84144306
13/06/2017;130.6736412;17.71268731;16.93176232
14/06/2017;139.9077944;14.8030969;17.01988718
15/06/2017;175.351882;13.24715285;17.10579152
16/06/2017;173.9361402;15.28671329;17.18944988
17/06/2017;165.8755648;15.09360639;17.27083749
18/06/2017;220.027384;12.72567433;17.34993021
19/06/2017;233.416601;12.84715285;17.42670462
20/06/2017;190.600589;14.64525475;17.50113797
21/06/2017;191.951899;13.53406593;17.57320819
22/06/2017;241.3705428;12.36943057;17.64289394
23/06/2017;202.2686916;13.75544456;17.71017455
24/06/2017;157.0950806;17.63896104;17.77503011
25/06/2017;134.9435788;19.296004;17.83744138
26/06/2017;121.7005178;18.52247752;17.89738988
27/06/2017;139.4521774;17.76343656;17.95485783
28/06/2017;122.1584774;20.47962038;18.00982822
29/06/2017;113.2621286;20.94675325;18.06228475
30/06/2017;112.0910526;22.98681319;18.11221188
01/07/2017;105.1446036;25.81408591;18.15959481
02/07/2017;94.7758144;26.21098901;18.2044195
03/07/2017;106.2814414;28.74835165;18.24667268
04/07/2017;107.7128876;26.64495504;18.28634181
05/07/2017;103.7381342;21.41248751;18.32341515
06/07/2017;102.8892038;23.74735265;18.35788172
07/07/2017;117.8419508;18.15894106;18.38973128
08/07/2017;143.2879478;15.14095904;18.41895442
09/07/2017;172.7423842;15.62047952;18.44554246
10/07/2017;143.2671628;19.33486513;18.46948754
11/07/2017;122.9790672;18.59280719;18.49078255
12/07/2017;115.776426;17.41978022;18.50942118
13/07/2017;112.5479572;18.51598402;18.52539792
14/07/2017;101.268416;19.77562438;18.53870803
15/07/2017;99.5022246;21.5996004;18.54934756
16/07/2017;109.1764792;24.67382617;18.55731336
17/07/2017;107.888039;22.03376623;18.56260307
18/07/2017;116.6540744;18.53416583;18.56521512
19/07/2017;99.420314;20.04555445;18.56514875
20/07/2017;89.57899;23.08991009;18.56240396
21/07/2017;87.6070322;23.19230769;18.55698157
22/07/2017;89.0667086;19.52847153;18.5488832
23/07/2017;103.823723;21.04665335;18.53811123
24/07/2017;120.1553978;19.21968032;18.52466886
25/07/2017;166.726885;16.31828172;18.50856008
26/07/2017;130.9729474;17.08681319;18.48978965
27/07/2017;122.6526252;16.93626374;18.46836314
28/07/2017;161.75614;15.4002997;18.4442869
29/07/2017;172.6116364;15.15314685;18.41756807
30/07/2017;178.5270898;15.1021978;18.38821455
31/07/2017;146.6040596;17.81228771;18.35623505
01/08/2017;127.2972348;20.53116883;18.32163905
02/08/2017;117.6278844;24.03346653;18.28443679
03/08/2017;109.1864744;23.23506494;18.24463931
04/08/2017;124.0833496;20.704995;18.20225838
05/08/2017;108.5767546;25.54805195;18.15730658
06/08/2017;107.1204968;25.56263736;18.10979721
07/08/2017;107.1991544;23.30959041;18.05974437
08/08/2017;112.904766;21.76833167;18.00716288
09/08/2017;110.589593;22.67132867;17.95206832
10/08/2017;110.0680878;23.55854146;17.89447701
11/08/2017;105.154236;22.70609391;17.83440603
12/08/2017;105.2892594;23.86423576;17.77187318
13/08/2017;106.8141924;24.44185814;17.70689698
14/08/2017;110.8884158;21.75584416;17.63949668
15/08/2017;134.4302624;19.28481518;17.56969227
16/08/2017;142.1728424;18.71138861;17.49750441
17/08/2017;150.5379978;17.04475524;17.42295452
18/08/2017;139.5180132;16.76793207;17.34606467
19/08/2017;138.7718288;18.10549451;17.26685764
20/08/2017;140.5493374;19.08131868;17.18535692
21/08/2017;136.581022;19.88121878;17.10158665
22/08/2017;130.6575712;19.67452547;17.01557166
23/08/2017;122.3239538;20.07412587;16.92733742
24/08/2017;137.6186858;17.48731269;16.83691009
25/08/2017;146.753524;20.27512488;16.74431647
26/08/2017;126.1745576;20.02587413;16.64958399
27/08/2017;121.933816;17.67522478;16.55274072
28/08/2017;132.8413586;19.3965035;16.45381535
29/08/2017;117.2648988;22.56093906;16.35283721
30/08/2017;105.0627892;25.35064935;16.24983622
31/08/2017;113.521446;19.76943057;16.14484289
01/09/2017;161.4508494;15.34185814;16.03788834
02/09/2017;159.276278;14.64175824;15.92900426
03/09/2017;180.3541952;14.60869131;15.81822291
04/09/2017;218.4869608;13.38901099;15.70557713
05/09/2017;245.6891992;12.78781219;15.59110028
06/09/2017;229.0501058;13.25814186;15.4748263
07/09/2017;186.378356;13.83056943;15.35678964
08/09/2017;201.8364662;13.5;15.23702528
09/09/2017;213.382949;13.38571429;15.1155687
10/09/2017;215.3255104;13.83716284;14.99245589
11/09/2017;176.8272576;16.69230769;14.86772333
12/09/2017;125.3357696;18.22957043;14.74140799
13/09/2017;137.5877872;16.5985015;14.6135473
14/09/2017;180.1745442;14.74895105;14.48417914
15/09/2017;150.4826254;16.78891109;14.35334185
16/09/2017;156.6936354;16.98391608;14.2210742
17/09/2017;190.7109214;14.99490509;14.08741538
18/09/2017;214.6350212;14.07332667;13.952405
19/09/2017;224.3680626;12.77402597;13.81608306
20/09/2017;228.800683;13.07242757;13.67848996
21/09/2017;207.7704636;13.64135864;13.53966647
22/09/2017;232.991539;12.41528472;13.39965373
23/09/2017;211.3288676;13.27152847;13.25849322
24/09/2017;217.2607798;13.02537463;13.11622679
25/09/2017;210.874066;12.36293706;12.97289657
26/09/2017;237.8015522;11.48461538;12.82854505
27/09/2017;266.3834004;11.27552448;12.68321499
28/09/2017;260.078409;11.21528472;12.53694947
29/09/2017;258.4630776;11.16593407;12.38979182
30/09/2017;279.9602574;10.36693307;12.24178565
01/10/2017;262.3886016;10.90639361;12.09297482
02/10/2017;235.6815482;12.97522478;11.94340343
03/10/2017;233.4006578;12.97062937;11.79311579
04/10/2017;229.8318978;13.31408591;11.64215643
05/10/2017;155.2525716;14.8986014;11.4905701
06/10/2017;164.2424302;13.76353646;11.33840171
07/10/2017;242.2594064;10.95274725;11.18569635
08/10/2017;250.271821;10.47662338;11.03249926
09/10/2017;327.3521128;8.163736264;10.87885585
10/10/2017;362.5667942;6.373126873;10.72481165
11/10/2017;402.7491148;5.12017982;10.57041229
12/10/2017;398.0509648;4.882617383;10.41570354
13/10/2017;406.111195;5.170829171;10.26073123
14/10/2017;401.3981974;5.74045954;10.10554129
15/10/2017;376.4997762;6.926973027;9.950179705
16/10/2017;394.9478564;7.37032967;9.794692507
17/10/2017;375.2756356;7.824375624;9.639125773
18/10/2017;340.0651302;7.861938062;9.483525602
19/10/2017;334.1533612;8.20989011;9.3279381
20/10/2017;306.010635;9.286113886;9.172409372
21/10/2017;298.1000728;9.975424575;9.016985503
22/10/2017;258.7652928;10.92497502;8.861712551
23/10/2017;301.8920522;9.750549451;8.706636525
24/10/2017;297.5068588;10.12307692;8.551803377
25/10/2017;327.0119734;8.433566434;8.397258989
26/10/2017;330.4531092;8.264935065;8.243049155
27/10/2017;335.4034572;7.844655345;8.08921957
28/10/2017;272.0661672;8.420979021;7.935815818
29/10/2017;295.8035494;8.835164835;7.782883355
30/10/2017;325.1962952;9.311088911;7.630467499
31/10/2017;377.2038186;7.828871129;7.478613414
01/11/2017;389.5615508;6.44025974;7.327366098
02/11/2017;411.138467;4.922877123;7.176770368
03/11/2017;342.831363;7.139260739;7.026870849
04/11/2017;268.530931;10.55284715;6.877711959
05/11/2017;229.3568476;12.9037962;6.729337898
06/11/2017;155.0669902;15.62787213;6.581792632
07/11/2017;195.007354;13.62667333;6.435119881
08/11/2017;173.8968592;14.12547453;6.289363109
09/11/2017;178.249973;14.27622378;6.144565506
10/11/2017;235.5936906;12.66053946;6.000769978
11/11/2017;273.1063672;11.26563437;5.858019136
12/11/2017;302.0634514;10.51658342;5.71635528
13/11/2017;350.2730074;7.983316683;5.575820387
14/11/2017;261.1302802;11.24045954;5.436456101
15/11/2017;270.2602782;11.47782218;5.298303718
16/11/2017;235.3213388;12.13806194;5.161404177
17/11/2017;204.0267534;12.53546454;5.025798044
18/11/2017;218.9062018;11.66433566;4.891525501
19/11/2017;332.0669858;7.856843157;4.758626337
20/11/2017;476.4068448;4.006293706;4.627139932
21/11/2017;531.957503;1.268231768;4.497105249
22/11/2017;506.3570834;1.305494505;4.368560819
23/11/2017;548.6031922;1.384915085;4.241544733
24/11/2017;448.5622926;3.48001998;4.116094629
25/11/2017;426.817832;3.793906094;3.992247681
26/11/2017;497.4588014;2.036463536;3.870040586
27/11/2017;517.494567;2.747752248;3.749509558
28/11/2017;401.1645508;7.009090909;3.630690313
29/11/2017;329.0106552;7.34045954;3.513618058
30/11/2017;324.4900092;7.439460539;3.398327486
01/12/2017;300.2460632;9.371928072;3.284852759
02/12/2017;365.5610124;7.713086913;3.173227502
03/12/2017;405.8428044;6.977022977;3.063484792
04/12/2017;398.5295942;6.790909091;2.955657149
05/12/2017;367.5989242;8.609390609;2.849776523
06/12/2017;299.353562;9.829070929;2.745874291
07/12/2017;393.8459176;7.727172827;2.643981239
08/12/2017;394.6015676;6.177222777;2.544127562
09/12/2017;515.7597712;3.504495504;2.446342848
10/12/2017;468.3892274;4.528471528;2.350656073
11/12/2017;395.7961474;6.164335664;2.257095591
12/12/2017;415.8933768;5.517582418;2.165689126
13/12/2017;453.1811492;2.942157842;2.076463763
14/12/2017;400.9930774;5.5998002;1.989445942
15/12/2017;357.2084826;7.292307692;1.904661449
16/12/2017;243.5700676;11.202997;1.822135406
17/12/2017;279.7194982;10.83286713;1.741892268
18/12/2017;348.6726256;9.64955045;1.663955813
19/12/2017;362.2690322;9.131268731;1.588349135
20/12/2017;327.0465934;9.535864136;1.515094638
21/12/2017;281.6943616;11.17482517;1.444214029
22/12/2017;303.4940048;10.45774226;1.37572831
23/12/2017;351.6127926;8.349250749;1.309657777
24/12/2017;309.2992876;9.382217782;1.246022007
25/12/2017;307.4596642;11.64495504;1.184839857
26/12/2017;373.606745;9.254345654;1.126129456
27/12/2017;437.5770306;5.94015984;1.069908202
28/12/2017;472.7256488;4.521578422;1.016192754
29/12/2017;508.0488398;2.974425574;0.964999029
30/12/2017;525.5189152;2.39030969;0.916342197
31/12/2017;493.4208578;3.272627373;0.870236677
01/01/2018;539.6670146;-0.045754246;0.826696129
02/01/2018;569.3357398;-3.321978022;0.785733456
03/01/2018;554.019779;-3.198201798;0.747360797
04/01/2018;533.804949;-2.129170829;0.711589521
05/01/2018;528.8914736;-1.945254745;0.678430229
06/01/2018;530.5428086;-0.875224775;0.647892747
07/01/2018;451.5311354;3.776723277;0.619986123
08/01/2018;480.9008822;2.491308691;0.594718627
09/01/2018;462.0716314;3.349450549;0.572097746
10/01/2018;442.257686;3.607792208;0.552130183
11/01/2018;445.5796754;4.193906094;0.534821855
12/01/2018;467.0368992;3.134865135;0.52017789
13/01/2018;504.5161274;1.93956044;0.508202629
14/01/2018;524.665524;0.754845155;0.49889962
15/01/2018;551.4819416;0.118881119;0.492271618
16/01/2018;605.7694804;-1.702097902;0.488320589
17/01/2018;669.3029804;-4.456643357;0.487047703
18/01/2018;682.7194402;-5.162837163;0.488453338
19/01/2018;606.8006304;-1.896203796;0.492537076
20/01/2018;582.3234542;-2.898001998;0.499297708
21/01/2018;684.513648;-4.764935065;0.50873323
22/01/2018;531.3920422;1.67992008;0.520840846
23/01/2018;506.1549512;4.132567433;0.535616969
24/01/2018;367.9299242;8.207992008;0.553057221
25/01/2018;353.6005584;8.87992008;0.573156432
26/01/2018;284.125141;10.38591409;0.595908648
27/01/2018;326.5989282;7.546653347;0.621307126
28/01/2018;418.8068818;6.223376623;0.649344341
29/01/2018;389.480994;6.957742258;0.680011984
30/01/2018;445.3036736;4.546553447;0.713300967
31/01/2018;287.5443016;9.450749251;0.749201428
01/02/2018;303.1867952;8.96003996;0.787702726
02/02/2018;434.9550334;4.805394605;0.828793455
03/02/2018;478.975126;3.174825175;0.872461437
04/02/2018;419.9946644;4.88981019;0.918693733
05/02/2018;387.2574876;7.987912088;0.967476643
06/02/2018;422.2184622;7.544555445;1.018795712
07/02/2018;364.3178906;7.907692308;1.072635733
08/02/2018;365.0515426;7.226273726;1.128980751
09/02/2018;452.898268;4.170829171;1.187814072
10/02/2018;456.3898732;3.86003996;1.24911826
11/02/2018;481.9184514;2.585714286;1.312875151
12/02/2018;491.6694568;1.973526474;1.379065852
13/02/2018;445.708841;3.307592408;1.447670748
14/02/2018;474.4945968;2.426073926;1.518669512
15/02/2018;520.093103;0.282717283;1.592041104
16/02/2018;532.2356082;0.517882118;1.667763783
17/02/2018;473.6649594;2.156943057;1.74581511
18/02/2018;510.7657932;2.139460539;1.826171958
19/02/2018;483.1741842;4.337462537;1.908810515
20/02/2018;308.2080386;9.653546454;1.993706292
21/02/2018;304.2234214;8.086813187;2.080834135
22/02/2018;441.9364326;4.360539461;2.170168225
23/02/2018;481.8104832;2.527672328;2.26168209
24/02/2018;518.9719506;1.038061938;2.355348613
25/02/2018;525.3806034;1.471228771;2.451140038
26/02/2018;527.530861;1.73016983;2.549027981
27/02/2018;509.4845994;1.989210789;2.648983434
28/02/2018;512.5466876;1.222777223;
01/03/2018;521.3709268;0.856043956;2.75097678
02/03/2018;449.0639274;4.525774226;2.854977795
03/03/2018;473.0277016;3.217582418;2.960955661
04/03/2018;480.4476786;3.260739261;3.068878975
05/03/2018;442.363413;4.33976024;3.178715758
06/03/2018;484.3173194;3.04965035;3.290433461
07/03/2018;470.1534942;2.331168831;3.403998981
08/03/2018;515.4680294;1.811088911;3.519378665
09/03/2018;515.0609572;2.819380619;3.636538325
10/03/2018;468.5339016;3.941158841;3.755443242
11/03/2018;455.7940546;3.766133866;3.876058184
12/03/2018;453.1147316;3.237962038;3.99834741
13/03/2018;464.8361152;2.728771229;4.122274681
14/03/2018;442.172593;3.863136863;4.247803277
15/03/2018;473.5917324;3.731468531;4.374896
16/03/2018;445.7078274;4.381018981;4.50351519
17/03/2018;419.7900206;5.243856144;4.633622734
18/03/2018;412.9734418;4.842857143;4.765180079
19/03/2018;450.787208;5.488311688;4.898148241
20/03/2018;421.2983214;5.679320679;5.032487819
21/03/2018;398.8180096;6.162037962;5.168159005
22/03/2018;370.6770854;6.502297702;5.305121598
23/03/2018;389.3991426;5.945154845;5.443335011
24/03/2018;406.752222;5.185814186;5.58275829
25/03/2018;405.7610806;6.423876124;5.723350119
26/03/2018;335.1767254;8.895104895;5.86506884
27/03/2018;354.9316078;8.784515485;6.007872458
28/03/2018;344.9602756;9.257742258;6.151718656
29/03/2018;335.6741952;7.803796204;6.29656481
30/03/2018;323.0294906;8.406793207;6.442367999
31/03/2018;295.3014946;8.534365634;6.589085018
01/04/2018;363.2377632;7.795004995;6.736672392
02/04/2018;315.91221;10.10959041;6.885086388
03/04/2018;221.0919268;13.98471528;7.034283028
04/04/2018;182.1107524;14.77792208;7.1842181
05/04/2018;224.8491366;13.17672328;7.334847177
06/04/2018;259.5246844;10.81958042;7.486125623
07/04/2018;321.751112;8.622177822;7.638008611
08/04/2018;353.8795454;7.432267732;7.790451136
09/04/2018;350.6270736;8.702397602;7.943408025
10/04/2018;306.3803778;9.676123876;8.096833954
11/04/2018;286.6093102;10.44525475;8.250683459
12/04/2018;244.34674;11.04455544;8.404910951
13/04/2018;264.081026;10.92767233;8.55947073
14/04/2018;280.1323472;9.917382617;8.714316996
15/04/2018;286.4207994;9.951448551;8.869403865
16/04/2018;279.9062604;10.64445554;9.024685382
17/04/2018;348.1530756;8.05044955;9.180115532
18/04/2018;341.8744698;8.145154845;9.335648259
19/04/2018;322.6452056;9.36033966;9.491237474
20/04/2018;315.1476436;8.857342657;9.646837075
21/04/2018;278.028643;10.15354645;9.802400952
22/04/2018;262.4590678;10.08121878;9.957883009
23/04/2018;368.0085634;6.880619381;10.11323717
24/04/2018;471.772163;3.873626374;10.26841741
25/04/2018;458.1198896;4.057242757;10.42337774
26/04/2018;444.336681;4.155444555;10.57807224
27/04/2018;450.2674752;4.28981019;10.73245507
28/04/2018;435.7339886;5.492707293;10.88648048
29/04/2018;363.9024512;8.244455544;11.04010284
30/04/2018;306.0208906;10.00599401;11.19327662
01/05/2018;269.2401408;10.75874126;11.34595644
02/05/2018;224.6957108;12.66623377;11.49809704
03/05/2018;281.0194928;11.01358641;11.64965336
04/05/2018;344.5438514;9.753546454;11.80058047
05/05/2018;256.3935356;12.67912088;11.95083366
06/05/2018;200.2464188;16.57532468;12.1003684
07/05/2018;167.7566714;18.41808192;12.24914039
08/05/2018;153.210459;18.63886114;12.39710553
09/05/2018;138.8253682;18.92747253;12.54421999
10/05/2018;137.1297582;17.91028971;12.69044017
11/05/2018;152.7569118;18.4035964;12.83572274
12/05/2018;160.6660248;16.77152847;12.98002465
13/05/2018;188.5560078;15.05784216;13.12330314
14/05/2018;287.0364382;9.924775225;13.26551576
15/05/2018;352.9144904;8.351848152;13.40662036
16/05/2018;349.6295546;8.893206793;13.54657513
17/05/2018;289.160128;10.23356643;13.68533861
18/05/2018;198.9627136;14.17852148;13.82286966
19/05/2018;189.8623664;15.1043956;13.95912755
20/05/2018;181.3143382;15.15164835;14.09407188
21/05/2018;166.3494754;18.21628372;14.22766268
22/05/2018;145.4249622;20.30679321;14.35986037
23/05/2018;179.6974614;16.1027972;14.49062575
24/05/2018;221.1628054;12.84055944;14.6199201
25/05/2018;199.7459178;13.1041958;14.74770509
26/05/2018;177.9383666;15.11308691;14.87394286
27/05/2018;141.320675;16.84735265;14.998596
28/05/2018;141.38555;18.05594406;15.12162758
29/05/2018;138.1744184;18.72787213;15.24300114
30/05/2018;127.1078656;18.72517483;15.36268071
31/05/2018;130.498545;18.11038961;15.48063083
01/06/2018;126.8583592;17.98541459;15.59681655
02/06/2018;121.8965178;18.24855145;15.71120343
03/06/2018;122.6827006;19.42437562;15.82375759
04/06/2018;129.5998652;20.08541459;15.93444568
05/06/2018;135.8303116;19.97882118;16.04323488
06/06/2018;131.630763;19.93526474;16.15009298
07/06/2018;124.8923314;19.83856144;16.25498829
08/06/2018;131.925256;17.94565435;16.35788974
09/06/2018;134.3494784;16.53836164;16.45876684
10/06/2018;163.5308498;16.01618382;16.5575897
11/06/2018;152.963876;16.51238761;16.65432903
12/06/2018;162.225811;15.76333666;16.74895616
13/06/2018;151.6796352;15.25544456;16.84144306
14/06/2018;148.5644302;16.11688312;16.93176232
15/06/2018;159.4224488;15.22387612;17.01988718
16/06/2018;174.5166666;16.34595405;17.10579152
17/06/2018;162.2369496;15.25664336;17.18944988
18/06/2018;171.073092;15.87852148;17.27083749
19/06/2018;175.268627;15.07362637;17.34993021
20/06/2018;170.4526142;16.78971029;17.42670462
21/06/2018;118.4634766;18.47002997;17.50113797
22/06/2018;101.5891074;21.48221778;17.57320819
23/06/2018;105.1411834;25.43566434;17.64289394
24/06/2018;105.1395518;24.63606394;17.71017455
25/06/2018;113.8397118;21.07562438;17.77503011
26/06/2018;142.8696466;17.13916084;17.83744138
27/06/2018;143.9969612;17.39070929;17.89738988
28/06/2018;109.4090248;18.41458541;17.95485783
29/06/2018;115.5255734;18.94275724;18.00982822
30/06/2018;113.3460526;19.12947053;18.06228475
01/07/2018;110.3647516;20.88601399;18.11221188
02/07/2018;134.5684572;16.99290709;18.15959481
03/07/2018;174.1664844;15.74095904;18.2044195
04/07/2018;133.3979984;17.75584416;18.24667268
05/07/2018;118.004091;18.82967033;18.28634181
06/07/2018;142.3721732;16.04615385;18.32341515
07/07/2018;150.3792246;17.51008991;18.35788172
08/07/2018;128.7248464;19.92527473;18.38973128
09/07/2018;115.2008068;19.73746254;18.41895442
10/07/2018;119.7048134;24.16043956;18.44554246
11/07/2018;103.9687676;22.95874126;18.46948754
12/07/2018;104.7174746;19.43896104;18.49078255
13/07/2018;132.4219434;16.23656344;18.50942118
14/07/2018;170.8913468;14.76693307;18.52539792
15/07/2018;175.0202438;15.13796204;18.53870803
16/07/2018;165.5764554;17.75554446;18.54934756
17/07/2018;119.1105822;19.67762238;18.55731336
18/07/2018;103.3139468;20.004995;18.56260307
19/07/2018;98.379554;21.54325674;18.56521512
20/07/2018;100.8176746;24.07402597;18.56514875
21/07/2018;93.235323;23.08311688;18.56240396
22/07/2018;102.8973628;22.29440559;18.55698157
23/07/2018;112.5151008;21.52917083;18.5488832
24/07/2018;112.0948624;22.45174825;18.53811123
25/07/2018;92.99108;22.99240759;18.52466886
26/07/2018;92.4771868;21.31088911;18.50856008
27/07/2018;94.7243472;19.87582418;18.48978965
28/07/2018;99.4641298;20.24875125;18.46836314
29/07/2018;103.1652026;20.38231768;18.4442869
30/07/2018;114.166987;20.56413586;18.41756807
31/07/2018;117.770504;18.44355644;18.38821455
01/08/2018;125.836582;17.1961039;18.35623505
02/08/2018;121.6547658;16.53616384;18.32163905
03/08/2018;104.7320052;19.26673327;18.28443679
04/08/2018;104.58758;19.41258741;18.24463931
05/08/2018;126.7792672;17.15344655;18.20225838
06/08/2018;141.665692;17.43046953;18.15730658
07/08/2018;149.2600878;19.16123876;18.10979721
08/08/2018;125.0144674;19.83326673;18.05974437
09/08/2018;130.4592656;15.53696304;18.00716288
10/08/2018;192.1339928;13.04575425;17.95206832
11/08/2018;208.3962256;13.21998002;17.89447701
12/08/2018;155.5156834;16.45414585;17.83440603
13/08/2018;133.8754774;19.76963037;17.77187318
14/08/2018;127.5892848;18.65284715;17.70689698
15/08/2018;128.4185862;17.38481518;17.63949668
16/08/2018;122.049718;17.03496503;17.56969227
17/08/2018;123.8714038;17.04255744;17.49750441
18/08/2018;117.5422608;17.01658342;17.42295452
19/08/2018;112.0535378;19.13176823;17.34606467
20/08/2018;119.4325872;19.28851149;17.26685764
21/08/2018;142.5155702;17.01238761;17.18535692
22/08/2018;114.9078568;17.73916084;17.10158665
23/08/2018;100.5215044;19.82447552;17.01557166
24/08/2018;88.2214822;22.43836164;16.92733742
25/08/2018;86.4906288;23.54535465;16.83691009
26/08/2018;86.7628276;24.54075924;16.74431647
27/08/2018;104.9497002;23.46933067;16.64958399
28/08/2018;112.9165724;24.25694306;16.55274072
29/08/2018;80.1553658;19.07962038;16.45381535
30/08/2018;93.06974;17.55134865;16.35283721
31/08/2018;91.434953;19.28651349;16.24983622
01/09/2018;86.958083;19.32507493;16.14484289
02/09/2018;111.9132552;19.12847153;16.03788834
03/09/2018;122.372494;19.71028971;15.92900426
04/09/2018;126.2292898;18.16203796;15.81822291
05/09/2018;99.6710376;16.93356643;15.70557713
06/09/2018;116.0552758;17.31348651;15.59110028
07/09/2018;107.755187;19.07012987;15.4748263
08/09/2018;94.9478396;21.53406593;15.35678964
09/09/2018;79.5309046;20.12017982;15.23702528
10/09/2018;110.8167698;20.6027972;15.1155687
11/09/2018;102.3350124;21.30779221;14.99245589
12/09/2018;76.9750498;22.73566434;14.86772333
13/09/2018;77.7241946;23.73096903;14.74140799
14/09/2018;81.6302702;23.01988012;14.6135473
15/09/2018;82.231773;21.24275724;14.48417914
16/09/2018;93.086571;18.75824176;14.35334185
17/09/2018;130.465858;16.94835165;14.2210742
18/09/2018;146.4611202;15.62487512;14.08741538
19/09/2018;136.7985292;14.47322677;13.952405
20/09/2018;144.9898582;14.40789211;13.81608306
21/09/2018;170.7642966;14.37222777;13.67848996
22/09/2018;190.8510056;13.92297702;13.53966647
23/09/2018;181.8505236;15.22487512;13.39965373
24/09/2018;197.4751262;15.14585415;13.25849322
25/09/2018;185.8700642;16.32527473;13.11622679
26/09/2018;123.9079186;15.35884116;12.97289657
27/09/2018;144.9146438;15.12617383;12.82854505
28/09/2018;170.1278166;16.86483516;12.68321499
29/09/2018;137.333038;18.84255744;12.53694947
30/09/2018;124.6185412;15.44685315;12.38979182
01/10/2018;171.4185256;13.43086913;12.24178565
02/10/2018;192.3777368;12.77802198;12.09297482
03/10/2018;239.8160256;11.90939061;11.94340343
04/10/2018;259.0244962;11.5045954;11.79311579
05/10/2018;317.0070052;9.106193806;11.64215643
06/10/2018;300.363662;9.252247752;11.4905701
07/10/2018;254.3962866;10.200999;11.33840171
08/10/2018;312.7667712;8.98951049;11.18569635
09/10/2018;333.6924624;7.755444555;11.03249926
10/10/2018;334.0195996;7.727472527;10.87885585
11/10/2018;321.4713994;7.881718282;10.72481165
12/10/2018;332.843103;7.685514486;10.57041229
13/10/2018;366.9908318;7.358941059;10.41570354
14/10/2018;331.5332136;8.826173826;10.26073123
15/10/2018;278.2965668;10.20539461;10.10554129
16/10/2018;285.1536298;10.7014985;9.950179705
17/10/2018;261.1394246;10.15684316;9.794692507
18/10/2018;234.9003992;10.65794206;9.639125773
19/10/2018;279.5415904;8.810589411;9.483525602
20/10/2018;314.294153;7.801398601;9.3279381
21/10/2018;340.5515042;7.426073926;9.172409372
22/10/2018;356.6912678;7.275524476;9.016985503
23/10/2018;371.0471442;7.248351648;8.861712551
24/10/2018;263.2780484;8.741858142;8.706636525
25/10/2018;222.1776808;9.181718282;8.551803377
26/10/2018;288.368383;7.762137862;8.397258989
27/10/2018;308.6550446;9.428871129;8.243049155
28/10/2018;306.8643044;10.62107892;8.08921957
29/10/2018;311.5105434;9.544955045;7.935815818
30/10/2018;358.145741;8.406893107;7.782883355
31/10/2018;339.1459388;8.923176823;7.630467499
01/11/2018;368.5657784;8.516283716;7.478613414
02/11/2018;372.81041;6.468831169;7.327366098
03/11/2018;431.8556466;4.465534466;7.176770368
04/11/2018;444.4925672;5.800899101;7.026870849
05/11/2018;373.4382154;6.971928072;6.877711959
06/11/2018;425.2985548;5.367632368;6.729337898
07/11/2018;452.1682496;3.646353646;6.581792632
08/11/2018;494.1154174;1.781018981;6.435119881
09/11/2018;478.3595162;1.468631369;6.289363109
10/11/2018;427.286553;2.64005994;6.144565506
11/11/2018;442.27055;1.997702298;6.000769978
12/11/2018;530.8948798;-0.278621379;5.858019136
13/11/2018;553.7877534;-0.207592408;5.71635528
14/11/2018;560.080003;0.138761239;5.575820387
15/11/2018;462.338194;4.238161838;5.436456101
16/11/2018;319.2498026;8.739260739;5.298303718
17/11/2018;290.4124196;9.515384615;5.161404177
18/11/2018;301.6702176;8.640859141;5.025798044
19/11/2018;406.976874;5.722577423;4.891525501
20/11/2018;389.1582592;7.334565435;4.758626337
21/11/2018;317.3955348;10.72957043;4.627139932
22/11/2018;282.007119;10.13876124;4.497105249
23/11/2018;324.193439;8.002997003;4.368560819
24/11/2018;361.8653534;5.866133866;4.241544733
25/11/2018;395.9778082;3.382817183;4.116094629
26/11/2018;423.8199594;3.295404595;3.992247681
27/11/2018;418.015499;4.476523477;3.870040586
28/11/2018;538.8897886;-0.305494505;3.749509558
29/11/2018;586.0206732;-1.833566434;3.630690313
30/11/2018;581.3494054;1.207092907;3.513618058
01/12/2018;460.8189414;5.690909091;3.398327486
02/12/2018;566.0557974;4.038561439;3.284852759
03/12/2018;626.0697002;-0.466233766;3.173227502
04/12/2018;643.2239306;-1.401998002;3.063484792
05/12/2018;673.9498894;-1.703796204;2.955657149
06/12/2018;664.7175242;0.348051948;2.849776523
07/12/2018;608.442737;1.657442557;2.745874291
08/12/2018;505.4471024;5.417882118;2.643981239
09/12/2018;489.2854588;6.872727273;2.544127562
10/12/2018;436.7822462;7.172027972;2.446342848
11/12/2018;404.836188;6.915284715;2.350656073
12/12/2018;564.4422256;4.798801199;2.257095591
13/12/2018;534.4603682;3.145454545;2.165689126
14/12/2018;559.021277;5.247552448;2.076463763
15/12/2018;574.5472578;3.392607393;1.989445942
16/12/2018;628.699481;1.597802198;1.904661449
17/12/2018;579.0916478;0.999400599;1.822135406
18/12/2018;521.9651612;4.392207792;1.741892268
19/12/2018;630.0201352;3.63986014;1.663955813
20/12/2018;685.873801;0.32027972;1.588349135
21/12/2018;640.9020316;0.487412587;1.515094638
22/12/2018;580.5333866;1.900999001;1.444214029
23/12/2018;505.0364798;3.813586414;1.37572831
24/12/2018;380.15649;5.897102897;1.309657777
25/12/2018;318.4879062;8.254145854;1.246022007
26/12/2018;399.066285;7.966233766;1.184839857
27/12/2018;471.9656448;5.544655345;1.126129456
28/12/2018;562.851922;4.973926074;1.069908202
29/12/2018;611.5803172;2.423976024;1.016192754
30/12/2018;638.1001326;-0.397002997;0.964999029
31/12/2018;602.4907658;-0.448651349;0.916342197
01/01/2019;582.038157;0.291108891;0.870236677
02/01/2019;599.1487738;0.497902098;0.826696129
03/01/2019;537.5004174;2.256743257;0.785733456
04/01/2019;577.2128946;2.485914086;0.747360797
05/01/2019;771.6523248;-2.674325674;0.711589521
06/01/2019;845.418391;-6.502697303;0.678430229
07/01/2019;683.2563584;-4.724675325;0.647892747
08/01/2019;617.44588;-0.690709291;0.619986123
09/01/2019;672.437064;0.132867133;0.594718627
10/01/2019;675.1216884;-0.165834166;0.572097746
11/01/2019;543.8039518;0.946653347;0.552130183
12/01/2019;521.7716894;3.688311688;0.534821855
13/01/2019;594.6589142;1.520679321;0.52017789
14/01/2019;567.9030726;0.802297702;0.508202629
15/01/2019;612.9726858;-0.348451548;0.49889962
16/01/2019;759.8960788;-2.583116883;0.492271618
17/01/2019;766.1922498;-3.731568432;0.488320589
18/01/2019;777.6750886;-3.897402597;0.487047703
19/01/2019;768.2403488;-2.967732268;0.488453338
20/01/2019;732.0259236;-1.447452547;0.492537076
21/01/2019;730.1739862;-0.486713287;0.499297708
22/01/2019;728.2604756;-2.383816184;0.50873323
23/01/2019;770.6847516;-3.851748252;0.520840846
24/01/2019;797.665761;-1.875624376;0.535616969
25/01/2019;733.7252604;-1.646453546;0.553057221
26/01/2019;732.1771022;-0.853246753;0.573156432
27/01/2019;674.667394;-0.970529471;0.595908648
28/01/2019;629.3438998;-1.273226773;0.621307126
29/01/2019;545.9841226;1.563936064;0.649344341
30/01/2019;543.2215994;1.768831169;0.680011984
31/01/2019;618.386472;1.650749251;0.713300967
01/02/2019;587.5932018;1.254745255;0.749201428
02/02/2019;514.6604708;2.124775225;0.787702726
03/02/2019;517.2579854;3.474125874;0.828793455
04/02/2019;484.988341;4.333566434;0.872461437
05/02/2019;492.3981244;3.26953047;0.918693733
06/02/2019;588.6824194;1.2998002;0.967476643
07/02/2019;613.1353296;1.01968032;1.018795712
08/02/2019;661.1847286;-1.061838162;1.072635733
09/02/2019;696.386212;-2.363536464;1.128980751
10/02/2019;658.766953;-1.94025974;1.187814072
11/02/2019;544.9372724;-0.651848152;1.24911826
12/02/2019;576.2744914;-0.369030969;1.312875151
13/02/2019;622.8811912;-0.6000999;1.379065852
14/02/2019;545.0266668;0.33036963;1.447670748
15/02/2019;526.5271258;3.917382617;1.518669512
16/02/2019;408.7720594;5.966633367;1.592041104
17/02/2019;503.5944692;5.475824176;1.667763783
18/02/2019;522.0689858;4.378821179;1.74581511
19/02/2019;392.8377782;4.247152847;1.826171958
20/02/2019;367.7911764;7.514585415;1.908810515
21/02/2019;356.2196824;8.181218781;1.993706292
22/02/2019;330.0536858;8.564635365;2.080834135
23/02/2019;368.1587666;8.402197802;2.170168225
24/02/2019;519.6827172;4.009090909;2.26168209
25/02/2019;427.4839102;3.778821179;2.355348613
26/02/2019;346.8464598;7.791908092;2.451140038
27/02/2019;328.0301704;9.762737263;2.549027981
28/02/2019;446.068775;6.494605395;2.648983434
01/03/2019;423.9349564;4.96953047;2.75097678
02/03/2019;438.4982328;6.124275724;2.854977795
03/03/2019;400.1550358;6.944755245;2.960955661
04/03/2019;266.7197948;10.06573427;3.068878975
05/03/2019;366.3910242;8.06023976;3.178715758
06/03/2019;462.5902606;5.56043956;3.290433461
07/03/2019;533.4934934;3.69040959;3.403998981
08/03/2019;421.0990266;5.451148851;3.519378665
09/03/2019;399.4332818;7.834765235;3.636538325
10/03/2019;459.4054418;6.635864136;3.755443242
11/03/2019;437.080373;6.07992008;3.876058184
12/03/2019;412.0835868;4.741358641;3.99834741
13/03/2019;450.5589366;5.458441558;4.122274681
14/03/2019;373.2847206;7.980719281;4.247803277
15/03/2019;395.7681998;9.224275724;4.374896
16/03/2019;357.6012146;8.715884116;4.50351519
17/03/2019;308.60343;8.591308691;4.633622734
18/03/2019;318.3355668;7.202297702;4.765180079
19/03/2019;274.1183792;7.803096903;4.898148241
20/03/2019;277.7257756;11.07642358;5.032487819
21/03/2019;375.5760108;9.051848152;5.168159005
22/03/2019;380.7527458;6.911788212;5.305121598
23/03/2019;360.8833004;7.551548452;5.443335011
24/03/2019;378.5494926;7.723676324;5.58275829
25/03/2019;318.825173;7.951748252;5.723350119
26/03/2019;318.881628;8.213686314;5.86506884
27/03/2019;324.607646;10.3967033;6.007872458
28/03/2019;235.9072572;;6.151718656
29/03/2019;251.0594046;12.08881119;6.29656481
30/03/2019;230.8044514;14.23346653;6.442367999
31/03/2019;186.5417554;16.08171828;6.589085018
01/04/2019;157.0007354;14.85434565;6.736672392
02/04/2019;222.8808748;12.68821179;6.885086388
03/04/2019;308.135052;10.09420579;7.034283028
04/04/2019;344.3775458;9.349150849;7.1842181
05/04/2019;332.7774714;8.980519481;7.334847177
06/04/2019;388.17733;8.063336663;7.486125623
07/04/2019;334.8643358;9.066733267;7.638008611
08/04/2019;220.5813452;10.82087912;7.790451136
09/04/2019;197.5079426;13.08971029;7.943408025
10/04/2019;233.851453;11.84295704;8.096833954
11/04/2019;354.9294914;8.201498501;8.250683459
12/04/2019;240.4608122;9.842557443;8.404910951
13/04/2019;328.8426142;9.450549451;8.55947073
14/04/2019;300.7398546;8.822777223;8.714316996
15/04/2019;296.42861;8.743956044;8.869403865
16/04/2019;348.7983522;6.414485514;9.024685382
17/04/2019;413.5113462;5.566633367;9.180115532
18/04/2019;483.504542;4.005294705;9.335648259
19/04/2019;544.0631324;2.867732268;9.491237474
20/04/2019;436.7665878;4.570929071;9.646837075
21/04/2019;322.1635142;8.964135864;9.802400952
22/04/2019;349.4807162;7.134665335;9.957883009
23/04/2019;383.163781;5.88981019;10.11323717
24/04/2019;300.8064418;8.533766234;10.26841741
25/04/2019;406.74734;7.376323676;10.42337774
26/04/2019;474.951384;5.536163836;10.57807224
27/04/2019;431.0880752;6.062837163;10.73245507
28/04/2019;396.0475668;6.898401598;10.88648048
29/04/2019;356.7884606;7.227972028;11.04010284
30/04/2019;242.0938242;9.689310689;11.19327662
01/05/2019;286.159972;10.07832168;11.34595644
02/05/2019;302.5421306;9.481318681;11.49809704
03/05/2019;321.5492774;10.78161838;11.64965336
04/05/2019;331.3862808;9.278221778;11.80058047
05/05/2019;293.6622714;9.830569431;11.95083366
06/05/2019;188.621053;12.71268731;12.1003684
07/05/2019;236.4340872;12.20919081;12.24914039
08/05/2019;389.6773288;8.392107892;12.39710553
09/05/2019;395.7617242;7.211388611;12.54421999
10/05/2019;286.44608;9.146553447;12.69044017
11/05/2019;176.4990214;13.71478521;12.83572274
12/05/2019;171.9459802;15.46123876;12.98002465
13/05/2019;141.8851588;15.66803197;13.12330314
14/05/2019;143.8362264;15.46243756;13.26551576
15/05/2019;198.8150736;15.45824176;13.40662036
16/05/2019;147.3009676;16.63686314;13.54657513
17/05/2019;144.4754508;20.73496503;13.68533861
18/05/2019;145.726775;20.12427572;13.82286966
19/05/2019;251.5129292;17.57592408;13.95912755
20/05/2019;212.4261406;13.93976024;14.09407188
21/05/2019;121.3965998;15.11708292;14.22766268
22/05/2019;140.6845102;16.91308691;14.35986037
23/05/2019;141.2003638;18.19380619;14.49062575
24/05/2019;179.5310466;14.65164835;14.6199201
25/05/2019;126.495564;15.45384615;14.74770509
26/05/2019;121.981232;18.00839161;14.87394286
27/05/2019;96.9964798;21.13096903;14.998596
28/05/2019;89.6929332;22.42207792;15.12162758
29/05/2019;152.363639;23.30569431;15.24300114
30/05/2019;163.887669;21.54845155;15.36268071
31/05/2019;152.1013508;18.37912088;15.48063083
01/06/2019;153.806578;17.27272727;15.59681655
02/06/2019;147.9641018;19.44345654;15.71120343
03/06/2019;113.4769514;18.94695305;15.82375759
04/06/2019;125.4857398;16.44195804;15.93444568
05/06/2019;129.401352;16.31718282;16.04323488
06/06/2019;174.1003148;16.14045954;16.15009298
07/06/2019;196.438075;13.53406593;16.25498829
08/06/2019;132.6772206;16.35024975;16.35788974
09/06/2019;152.9149418;18.41138861;16.45876684
10/06/2019;98.7749958;17.88621379;16.5575897
11/06/2019;89.8509726;21.91018981;16.65432903
12/06/2019;122.0357092;19.18191808;16.74895616
13/06/2019;146.2721182;16.95734266;16.84144306
14/06/2019;150.1701336;17.86393606;16.93176232
15/06/2019;141.6068764;21.31918082;17.01988718
16/06/2019;118.1199254;17.51958042;17.10579152
17/06/2019;100.2653252;17.02097902;17.18944988
18/06/2019;98.3923856;20.29140859;17.27083749
19/06/2019;150.6405506;23.63006993;17.34993021
20/06/2019;153.428153;23.26873127;17.42670462
21/06/2019;159.4175526;20.86233766;17.50113797
22/06/2019;153.2744988;22.48301698;17.57320819
23/06/2019;140.3177396;21.2013986;17.64289394
24/06/2019;97.4998898;19.52077922;17.71017455
25/06/2019;91.5016742;;17.77503011
26/06/2019;148.9171076;18.54645355;17.83744138
27/06/2019;172.9562602;18.23686314;17.89738988
28/06/2019;156.8889992;19.88551449;17.95485783
29/06/2019;164.2983834;18.09240759;18.00982822
30/06/2019;140.7880828;16.53136863;18.06228475
01/07/2019;107.3413758;16.11428571;18.11221188
02/07/2019;111.5327344;15.82257742;18.15959481
03/07/2019;140.1152486;17.47772228;18.2044195
04/07/2019;154.5629568;17.95874126;18.24667268
05/07/2019;160.23671;18.85614386;18.28634181
06/07/2019;184.2523782;20.73366633;18.32341515
07/07/2019;183.9703492;21.75124875;18.35788172
08/07/2019;136.7646494;20.97252747;18.38973128
09/07/2019;112.1553264;20.02727273;18.41895442
10/07/2019;190.5141026;19.08281718;18.44554246
11/07/2019;183.4334586;18.93716284;18.46948754
12/07/2019;200.6927222;17.02917083;18.49078255
13/07/2019;180.5310048;15.62727273;18.50942118
14/07/2019;176.1262836;16.48821179;18.52539792
15/07/2019;152.7966946;16.52607393;18.53870803
16/07/2019;105.9298428;18.03426573;18.54934756
17/07/2019;167.3547114;19.00859141;18.55731336
18/07/2019;171.0489854;20.21238761;18.56260307
19/07/2019;166.1461696;22.82567433;18.56521512
20/07/2019;181.3774214;21.70939061;18.56514875
21/07/2019;169.2520056;20.84175824;18.56240396
22/07/2019;119.8428756;20.67332667;18.55698157
23/07/2019;94.9770388;18.88511489;18.5488832
24/07/2019;202.2626406;17.17252747;18.53811123
25/07/2019;188.1279838;15.40729271;18.52466886
26/07/2019;169.0014644;16.56953047;18.50856008
27/07/2019;155.430927;18.07282717;18.48978965
28/07/2019;125.796497;17.82517483;18.46836314
29/07/2019;92.1276276;20.53066933;18.4442869
30/07/2019;86.7151776;23.34475524;18.41756807
31/07/2019;140.8072578;22.53496503;18.38821455
01/08/2019;154.7231802;22.16043956;18.35623505
02/08/2019;157.4556218;21.50699301;18.32163905
03/08/2019;127.1686862;22.22787213;18.28443679
04/08/2019;116.8409426;20.84255744;18.24463931
05/08/2019;92.9980454;18.61728272;18.20225838
06/08/2019;94.821152;16.95384615;18.15730658
07/08/2019;135.2641936;18.56913087;18.10979721
08/08/2019;138.2287804;19.35254745;18.05974437
09/08/2019;123.5471932;19.62647353;18.00716288
10/08/2019;188.303758;17.4997003;17.95206832
11/08/2019;199.1802994;15.43446553;17.89447701
12/08/2019;98.3865538;15.35224775;17.83440603
13/08/2019;95.625597;17.40569431;17.77187318
14/08/2019;119.1052044;18.91918082;17.70689698
15/08/2019;112.4466018;21.3001998;17.63949668
16/08/2019;132.797344;19.63636364;17.56969227
17/08/2019;132.4511538;20.35594406;17.49750441
18/08/2019;132.2946544;20.01698302;17.42295452
19/08/2019;124.002505;16.16353646;17.34606467
20/08/2019;119.6010122;15.47472527;17.26685764
21/08/2019;146.9788258;15.49270729;17.18535692
22/08/2019;139.0621378;15.43356643;17.10158665
23/08/2019;122.3282082;17.35564436;17.01557166
24/08/2019;120.12218;18.49350649;16.92733742
25/08/2019;122.6891502;18.91348651;16.83691009
26/08/2019;99.3000384;19.92227772;16.74431647
27/08/2019;91.5296294;19.17232767;16.64958399
28/08/2019;129.7378816;19.02217782;16.55274072
29/08/2019;131.989868;21.16613387;16.45381535
30/08/2019;135.5128136;22.61548452;16.35283721
31/08/2019;187.0352516;18.11168831;16.24983622
01/09/2019;213.6777318;14.41158841;16.14484289
02/09/2019;199.8136338;13.66533467;16.03788834
03/09/2019;194.6826896;13.34815185;15.92900426
04/09/2019;156.3984546;14.76873127;15.81822291
05/09/2019;140.3728826;17.5000999;15.70557713
06/09/2019;144.3692352;16.56533467;15.59110028
07/09/2019;209.1978492;14.59030969;15.4748263
08/09/2019;164.004077;14.86723277;15.35678964
09/09/2019;161.1042542;14.64495504;15.23702528
10/09/2019;160.0619208;14.44335664;15.1155687
11/09/2019;173.4740412;14.86963037;14.99245589
12/09/2019;195.903715;13.71828172;14.86772333
13/09/2019;147.3281006;14.26103896;14.74140799
14/09/2019;240.5064936;12.54715285;14.6135473
15/09/2019;270.359018;12.42897103;14.48417914
16/09/2019;268.29372;11.11248751;14.35334185
17/09/2019;225.107341;11.1976024;14.2210742
18/09/2019;307.2491136;11.52137862;14.08741538
19/09/2019;300.5702842;11.7000999;13.952405
20/09/2019;302.8021496;11.94035964;13.81608306
21/09/2019;269.0899752;13.01978022;13.67848996
22/09/2019;265.5195594;13.18461538;13.53966647
23/09/2019;205.8555956;13.1007992;13.39965373
24/09/2019;197.621984;14.05094905;13.25849322
25/09/2019;245.9404262;13.85594406;13.11622679
26/09/2019;234.1332418;14.1954046;12.97289657
27/09/2019;221.2188126;14.84215784;12.82854505
28/09/2019;187.7205064;15.43006993;12.68321499
29/09/2019;183.8186596;16.62817183;12.53694947
30/09/2019;148.3322556;14.73976024;12.38979182
01/10/2019;211.682883;12.51248751;12.24178565
02/10/2019;186.0363602;13.5994006;12.09297482
03/10/2019;256.7515444;12.48511489;11.94340343
04/10/2019;227.1032236;11.85574426;11.79311579
05/10/2019;252.5092356;11.87872128;11.64215643
06/10/2019;299.8959324;10.12477522;11.4905701
07/10/2019;241.5693386;10.46143856;11.33840171
08/10/2019;255.7734714;10.58781219;11.18569635
09/10/2019;318.5502448;9.705894106;11.03249926
10/10/2019;231.9319582;12.34985015;10.87885585
11/10/2019;212.8128662;14.14715285;10.72481165
12/10/2019;230.6513666;13.63706294;10.57041229
13/10/2019;234.6288644;13.34745255;10.41570354
14/10/2019;174.1603612;15.24995005;10.26073123
15/10/2019;157.1023446;15.20999001;10.10554129
16/10/2019;182.9196434;16.1995005;9.950179705
17/10/2019;226.938922;14.85924076;9.794692507
18/10/2019;289.8180436;13.03856144;9.639125773
19/10/2019;253.3463842;12.78701299;9.483525602
20/10/2019;240.7653782;13.58001998;9.3279381
21/10/2019;196.2888148;12.49040959;9.172409372
22/10/2019;275.4288374;10.59400599;9.016985503
23/10/2019;335.1789892;10.05314685;8.861712551
24/10/2019;239.6009698;11.87902098;8.706636525
25/10/2019;209.6698928;14.3048951;8.551803377
26/10/2019;266.8159238;12.88601399;8.397258989
27/10/2019;335.0789778;10.73826174;8.243049155
28/10/2019;280.699002;9.870629371;8.08921957
29/10/2019;363.0833794;8.601698302;7.935815818
30/10/2019;439.7547266;6.037662338;7.782883355
31/10/2019;375.7490916;6.811388611;7.630467499
01/11/2019;103.1840724;14.55944056;7.478613414
02/11/2019;76.7595624;14.74005994;7.327366098
03/11/2019;186.259841;13.82427572;7.176770368
04/11/2019;31.8031426;13.78201798;7.026870849
05/11/2019;116.6108394;13.71938062;6.877711959
06/11/2019;257.3289288;10.38411588;6.729337898
07/11/2019;225.7704516;9.857142857;6.581792632
08/11/2019;228.9068432;11.77482518;6.435119881
09/11/2019;236.645809;11.76763237;6.289363109
10/11/2019;198.9826022;11.85464536;6.144565506
11/11/2019;164.3072348;10.44135864;6.000769978
12/11/2019;167.9546578;9.366133866;5.858019136
13/11/2019;272.752561;9.153446553;5.71635528
14/11/2019;261.8950766;8.671428571;5.575820387
15/11/2019;284.5702384;11.3041958;5.436456101
16/11/2019;309.9697904;11.15234765;5.298303718
17/11/2019;242.9014152;10.06803197;5.161404177
18/11/2019;194.7238964;9.206893107;5.025798044
19/11/2019;183.7724956;9.56023976;4.891525501
20/11/2019;217.7585452;9.37952048;4.758626337
21/11/2019;190.3358532;11.54225774;4.627139932
22/11/2019;131.386842;14.06033966;4.497105249
23/11/2019;30.0260022;14.78721279;4.368560819
24/11/2019;94.7268654;13.98931069;4.241544733
25/11/2019;235.3752632;9.532367632;4.116094629
26/11/2019;215.955554;8.102597403;3.992247681
27/11/2019;204.020166;9.302997003;3.870040586
28/11/2019;258.216957;10.28531469;3.749509558
29/11/2019;372.727968;7.952547453;3.630690313
30/11/2019;309.1218714;6.612387612;3.513618058
01/12/2019;318.647089;6.292507493;3.398327486
02/12/2019;238.203732;5.483216783;3.284852759
03/12/2019;191.0644024;5.649350649;3.173227502
04/12/2019;138.7419672;8.735864136;3.063484792
05/12/2019;116.0267218;10.90959041;2.955657149
06/12/2019;144.1073248;11.12677323;2.849776523
07/12/2019;102.7944708;10.25504496;2.745874291
08/12/2019;202.0014412;8.22967033;2.643981239
09/12/2019;215.0002748;5.674525475;2.544127562
10/12/2019;158.5715096;5.592607393;2.446342848
11/12/2019;147.4033648;8.276423576;2.350656073
12/12/2019;212.4510724;7.938461538;2.257095591
13/12/2019;145.996337;7.328571429;2.165689126
14/12/2019;150.7784536;8.641158841;2.076463763
15/12/2019;225.088086;7.568131868;1.989445942
16/12/2019;167.5274994;7.352347652;1.904661449
17/12/2019;190.3272794;6.323476523;1.822135406
18/12/2019;264.0834438;6.053846154;1.741892268
19/12/2019;247.8314222;7.651648352;1.663955813
20/12/2019;206.523143;9.116683317;1.588349135
21/12/2019;117.302104;11.02757243;1.515094638
22/12/2019;83.4979206;11.16393606;1.444214029
23/12/2019;2.8896916;12.21108891;1.37572831
24/12/2019;22.5947994;13.13956044;1.309657777
25/12/2019;102.0520312;11.31618382;1.246022007
26/12/2019;76.9953052;9.571128871;1.184839857
27/12/2019;131.924769;8.352547453;1.126129456
28/12/2019;183.1442654;7.621278721;1.069908202
29/12/2019;161.0451654;6.437162837;1.016192754
30/12/2019;334.5500572;10.09080919;0.964999029
31/12/2019;275.747166;15.12217782;0.916342197
01/01/2020;186.676299;12.28751249;0.870236677
02/01/2020;204.0326798;9.824175824;0.826696129
03/01/2020;206.9525742;11.10939061;0.785733456
04/01/2020;176.1027644;11.95364635;0.747360797
05/01/2020;187.1356588;12.31308691;0.711589521
06/01/2020;210.4933442;10.3985015;0.678430229
07/01/2020;270.063796;6.927972028;0.647892747
08/01/2020;297.2697142;5.83036963;0.619986123
09/01/2020;269.8181578;8.389410589;0.594718627
10/01/2020;296.4466126;9.128471528;0.572097746
11/01/2020;318.2513394;8.474325674;0.552130183
12/01/2020;353.4550226;7.637662338;0.534821855
13/01/2020;330.2483858;6.945554446;0.52017789
14/01/2020;364.6125524;5.012987013;0.508202629
15/01/2020;271.8402216;6.738761239;0.49889962
16/01/2020;289.4619476;8.84955045;0.492271618
17/01/2020;294.2134958;6.916283716;0.488320589
18/01/2020;258.0571176;8.386613387;0.487047703
19/01/2020;336.469277;7.545154845;0.488453338
20/01/2020;323.598826;6.548251748;0.492537076
